"doc_id","page_name.y","ad_creative_bodies.y"
"doc266","michelly siqueira advogada","13Âº para o bpc 

como todos voces sabem a grande luta da minha vida sempre foi por melhoria na qualidade de vida das pessoas com deficiencia, doencas raras e idosos. alem de trabalhar pela desvinculacao da renda como criterio para concessao do bpc, tambem vou lutar para que essa pessoa com que tem direito ao beneficio receba o 13Âº salario bpc. 

os custos de uma pessoa idosa, com deficiencia ou doenca rara, sao extrema altos e a falta de apoio do poder publico sao pontos fundamentais para que essas pessoas recebem o 13Âº e possam ter mais dignidade em suas vidas. 

vote por quem sempre esteve ao seu lado, vote pelo 13Âº bpc. vote 7âƒ£0âƒ£4âƒ£4âƒ£ michelly siqueira deputada federal. 

â¡ï¸ marque +05 amigos que precisam do 13Âº bpc. 
â¡ï¸ compartilhe nos grupos de familias e pessoas com deficiencia. 
â¡ï¸ compartilhe com amigos e familiares. 

#bpc #loas #mg #bh #autismo #pessoacomdeficiencia #tdah #michellysiqueiraadvogada #luta #dignidade #familia #renda"
"doc299","igor timo","amigos e amigas de machado, com a conviccao do dever cumprido, venho aqui renovar o meu desejo de continuar representando minas gerais no congresso nacional. 
indiquei r$ 450 mil para a cidade, que melhoraram a vida do povo machadense. 
vamos juntos continuar trabalhando pelo brasil e muito mais por minas gerais! por isso, peco mais uma vez a confianca do seu voto."
"doc343","fernando pimentel","ola meu amigo e minha amiga da passos 
na camara dos deputados, vamos ajudar lula a reconstruir o brasil.

precisamos de uniao para recuperar minas gerais.

dia 02 de outubro, precisamos escolher a democracia. 

o brasil precisa de lula.

conto com o seu apoio. 

encaminhe este video para seus amigos e parentes."
"doc387","dr. mario heringer","recebi um comunicado da faemg que me deixou preocupadissimo! 

lutamos fortemente para que os municipios de bandeira, felisburgo, jacinto, jordania, mata verde, rubim, salto da divisa e santa maria do salto fossem incorporados a sudene, mas seu conselho deliberativo - condel - agora se prepara para a exclusao dessas cidades. um absurdo! 

encaminhei um oficio a superintendencia afirmando que a justificativa deles nao esta correta e que nos vamos brigar por essa causa! 

vamos nos unir em prol de minas gerais e dos nossos direitos! 

para que eu possa continuar nessa batalha, peco seu voto para deputado federal: mario heringer 1234!

#sudene #minasgerais #buscadosnossosdireitos #vote1234 #marioheringer"
"doc425","fernando pimentel","ola meu amigo e minha amiga da passos 
na camara dos deputados, vamos ajudar lula a reconstruir o brasil.

precisamos de uniao para recuperar minas gerais.

dia 02 de outubro, precisamos escolher a democracia. 

o brasil precisa de lula.

conto com o seu apoio. 

encaminhe este video para seus amigos e parentes."
"doc484","aecio neves","aecio fez o proacesso e o asfalto chegou pra voce em bandeira! 

âœ…quem ja fez muito por minas gerais, vai fazer muito mais! deputado federal e aecio 4500."
"doc487","eduardo tardiole","quais razoes me fizeram candidatar a deputado federal?

desde a adolescencia fui engajado com questoes sociais. em 2017 quando iniciamos o projeto acao da cidadania, na cidade de machado, imaginava que seria um projeto momentaneo. 

mas, desde o dia 15 de novembro daquele ano, apos o lancamento da campanha natal sem fome, ate hoje, nao tem um diaa da minha vida, que nao seja dedicado a lutar contra a fome e a miseria. 

assista o video da minha entrevista na radio difusora live e saiba mais sobre as razoes que me fizeram a candidatar!

#vamoqvamo #politica #deputadofederal #candidato #povo #fome #sustentabilidade #educacao #minasgerais #estado #pais #eleicao"
"doc532","paulo abi-ackel","registros da noite de ontem, em ouro preto, cidade de imensa contribuicao historica para minas gerais, onde eu tenho a honra de ser votado e contar com o apoio dos ex-prefeitos julio pimenta e jose leandro, vereadores mercinho, naercio e luciano, ex-vereadores e diversas liderancas politicas reconhecidas pelo trabalho que fazem em prol do desenvolvimento da regiao dos inconfidentes.
confira no video cada detalhe do nosso encontro!"
"doc556","igor timo","amigos e amigas de machado, com a conviccao do dever cumprido, venho aqui renovar o meu desejo de continuar representando minas gerais no congresso nacional. 
indiquei r$ 450 mil para a cidade, que melhoraram a vida do povo machadense. 
vamos juntos continuar trabalhando pelo brasil e muito mais por minas gerais! por isso, peco mais uma vez a confianca do seu voto."
"doc606","ana valentini","ğŸ”¶conheca o #timevalentia 

esta e minha parceira de jornada elaine maia (@elainemaiaadv) e advogada e mae, natural de passos, filha do empreendedor e militar, nascimento e da inspetora escolar, terezinha maia, muito atuantes na comunidade, que a ensinaram a importancia do estudo, trabalho duro e do voluntariado. decidiu ser candidata a deputada estadual, pois percebeu que, de nada adianta ter boas ideias, bons projetos, se quem faz as leis nao quiser implementar, e e por isso que ela quer estar la na assembleia de minas gerais.

ğŸ”¶ comite elaine maia - rua jose mechioratto, nÂº 150 - santa casa. passos - mg
rua la salles, nÂº 277a - sao sebastiao do paraiso - mg

pra seguir no rumo certo e 3âƒ£0âƒ£ de novo zema governador!
ana valentini e 3038 para deputada federal!
elaine maia e 30123 para deputada estadual!

valentia para fazer diferente!
minas gerais precisa de voce!
minas gerais precisa da gente!

#anavalentini #deputadafederal #minasgerais #valentiaprafazerdiferente #sensibilidadeprafazeradiferenca"
"doc653","odair cunha","juntos por passos!

chegamos em passos, onde visitei a capela centenaria nossa senhora da penha e conversei com representantes da associacao do circuito turistico nascentes das gerais e canastra, na associacao dos municipios da microrregiao do medio rio grande (ameg). falei das minhas propostas para incentivar o turismo regional e, logo depois, caminhei pelas ruas de passos, reforcando meu proposito de trabalhar por minas gerais. muito obrigado pela presenca e acolhida, arnaldo; juarez 13.007, candidato a deputado estadual; e luiz carlos, presidente do pt. conto com o apoio de todos no dia 02 de outubro! para federal, e odair 1307!

somente no ultimo mandato, a saude recebeu r$800 mil, ğŸ´destinados para a estruturacao do centro de atendimento ao diabetico e o hospital regional do cancer. ğŸ´indicamos uma viatura para a policia militar. nosso trabalho pelo municipio tambem gerou frutos para a educacao, por meio da construcao de escolas e creches ğŸ´.

#minasgerais #vamosjuntospelobrasil #deputadofederal #deputado #trabalho #fe #trabalhoefe #odair1307 #passos"
"doc762","igor timo","desde o inicio do meu mandato, tenho trabalhado incansavelmente para colocar em pratica acoes e programas para garantir mais qualidade de vida ao povo mineiro. minha trajetoria na camara federal possibilitou o atendimento as necessidades das pessoas nas mais diversas areas, como saude, educacao, seguranca, desenvolvimento regional, assistencia social e acoes de combate a fome. sempre tive como prioridade os mais vulneraveis e as cidades mais carentes.

apos quatro anos de mandato, o desafio de continuar no congresso se renova em minha trajetoria. os obstaculos sao inumeros, mas a vontade de trabalhar pela dignidade e melhoria da qualidade de vida do povo mineiro fortalece os meus passos na minha caminhada parlamentar.

nao prometi, mas fiz e quero continuar fazendo. venha comigo! vote 1999 - igor timo, o seu deputado federal."
"doc874","aecio neves","aecio neves fez o proacesso e o asfalto chegou para voce em bandeira.

âœ… quem ja fez muito por minas gerais, vai fazer muito mais! deputado federal e #aecio4500"
"doc875","aecio neves","aecio neves fez o proacesso e o asfalto chegou para voce em jose goncalves de minas ate leme do prado.

âœ… quem ja fez muito por minas gerais, vai fazer muito mais! deputado federal e #aecio4500"
"doc883","odair cunha","juntos por turvolandia!

ao lado do companheiro de caminhada, deputado ulysses gomes, recebi o apoio do povo de turvolandia durante o adesivaco da nossa campanha na praca matriz. tenho uma longa historia nessa cidade querida e quero continuar o trabalho pelo acesso a saude, seguranca e educacao de qualidade! agradeco pela acolhida prefeito ze nelsinho; vice-prefeita tiziu; iorides oliveira, vereadora e presidente da camara; amarildo, vereador; secretarios igor augusto e cassiano; alem de diversas liderancas e apoiadores. contem sempre comigo para lutar pelos direitos de minas gerais no congresso nacional! no dia 02 de outubro, vote odair 1307!

somente no ultimo mandato, em parceria com ulysses, enviamos mais de r$1 milhao para custeio da saude ğŸ´. o cras recebeu r$500 mil para obras. destinamos r$850 mil para a prefeitura, utilizados em diversas demandas, como calcamentos. ğŸ´a educacao foi beneficiada com equipamentos e mobiliario. ğŸ´ï¸tambem apoiamos a obra de recuperacao do pavimento asfaltico e do acostamento da mg-179, entre machado e pouso alegre, que beneficiou outros municipios como carvalhopolis, poco fundo, sao joao da mata, silvanopolis e espirito santo do dourado.

#minasgerais #vamosjuntospelobrasil #deputadofederal #deputado #trabalho #fe #trabalhoefe #odair1307 #ulysses13077 #turvolandia"
"doc971","charlles evangelista","c(""assista o video ate o final e veja tudo o que fizemos por paiva em nosso mandato! estamos so comecando, e vamos fazer muito mais!!!\n\npara deputado federal - charlles evangelista 1132\npara deputada estadual - delegada sheila 22032"", ""assista o video ate o final e veja tudo o que fizemos por paiva em nosso mandato! estamos so comecando, e vamos fazer muito mais!!!\n\npara deputado federal - charlles evangelista 1132\npara deputada estadual - delegada sheila 22032"")"
"doc973","charlles evangelista","c(""assista o video ate o final e veja tudo o que fizemos por extrema em nosso mandato! estamos so comecando, e vamos fazer muito mais!!!\n\npara deputado federal - charlles evangelista 1132\npara deputada estadual - delegada sheila 22032"", ""assista o video ate o final e veja tudo o que fizemos por extrema em nosso mandato! estamos so comecando, e vamos fazer muito mais!!!\n\npara deputado federal - charlles evangelista 1132\npara deputada estadual - delegada sheila 22032"")"
"doc977","igor timo","valorizar o profissional da saude sempre foi uma bandeira do nosso mandato. em quatro anos de caminhada, foram muitas as realizacoes para assegurar os direitos de trabalhadores que estao na linha de frente pela protecao a vida.

ciente da importancia da categoria, votei favoravelmente a aprovacao da pec 11/2022, que garante a criacao do piso salarial da enfermagem em todo o territorio nacional, no valor de r$ 4.750, 00.

alem disso, indicamos r$ 132 milhoes de reais em emendas para saude, que beneficiaram os hospitais de 46 cidades. mais do que trabalho, cuidar da saude e obrigacao!

vamos juntos seguir na luta pela categoria e pela saude em minas gerais. vote 1999! igor timo, o seu deputado federal."
"doc1017","aecio neves","teofilo otoni sempre esteve no meu coracao!

sao muitas as memorias que guardo, especialmente as que dividi com meu pai, aecio cunha, que sempre foi um apaixonado por essa terra. foi tambem aqui que o meu avo, tristao da cunha, deu seus primeiros passos em defesa de uma minas gerais e de um brasil melhor.

durante os meus governos, e no congresso, tenho trabalhado para melhorar a vida de todos aqui na cidade.

hoje, ainda mantenho viva a esperanca e a certeza de poder fazer mais por essa regiao tao especial!

vamos, juntos, continuar trabalhando por uma minas melhor para os mineiros!"
"doc1027","charlles evangelista","c(""assista o video ate o final e veja tudo o que fizemos por passos em nosso mandato! estamos so comecando, e vamos fazer muito mais!!!\n\npara deputado federal - charlles evangelista 1132"", ""assista o video ate o final e veja tudo o que fizemos por passos em nosso mandato! estamos so comecando, e vamos fazer muito mais!!!\n\npara deputado federal - charlles evangelista 1132"")"
"doc1032","charlles evangelista","c(""assista o video ate o final e veja tudo o que fizemos por machado em nosso mandato! estamos so comecando, e vamos fazer muito mais!!!\n\npara deputado federal - charlles evangelista 1132"", ""assista o video ate o final e veja tudo o que fizemos por machado em nosso mandato! estamos so comecando, e vamos fazer muito mais!!!\n\npara deputado federal - charlles evangelista 1132"")"
"doc1233","fernando pimentel","ola meu amigo e minha amiga de passos.

na camara dos deputados, vamos ajudar lula a reconstruir o brasil.

precisamos de uniao para recuperar minas gerais. 

dia 02 de outubro, precisamos escolher a democracia.

o brasil precisa de lula.

conto com seu apoio!

encaminhe este video para seus amigos e parentes."
"doc1356","braulio braz","hoje, estive no comando geral da policia militar de minas gerais acompanhado do meu grande amigo e vice-prefeito de machado, joelzinho mendes, para apresentar ao comandante geral da pmmg, coronel rodrigo sousa, demandas da populacao machadense.
na ocasiao, solicitamos o aumento efetivo da policia militar no municipio, com a intencao de seguir aprimorando e aumentando a seguranca do povo mineiro."
"doc1423","deputado federal dimas fabiano","ğŸ™ï¸ğŸ¯™ğŸŸ™â€ğŸŸ™
ja estao na conta da prefeitura de machado r$ 500 mil para serem investidos na revitalizacao da primeira etapa do lago artificial da cidade, fortalecendo o turismo da regiao e gerando ainda mais lazer e qualidade de vida para a populacao.

esse recurso foi possivel atraves de emenda parlamentar de minha autoria atendendo a solicitacao do prefeito maycon, do presidente da camara municipal, vereador roger, e dos vereadores dirce e juliano campos, juntamente com o grupo politico que me apoia na cidade.

fico muito feliz de participar de mais essa conquista para machado! os machadenses podem sempre contar comigo na camara dos deputados e em minas gerais! 

#machado #machadomg #maisrecursos #lazer #turismo #minasgerais #mg #deputadodimasfabiano #depdimasfabiano
ğŸ™ï¸ğŸ¯™ğŸŸ™â€ğŸŸ™"
"doc1430","deputado federal dimas fabiano","ğŸ™ï¸ğŸ¯™ğŸŸ™â€ğŸŸ™
ja estao na conta da prefeitura de sapucai-mirim r$ 200 mil em recursos para serem investidos na continuacao do calcamento da estrada municipal jose de paiva e silva, do bairro ponte nova, sentido ao bairro do nogueiras, trazendo mais desenvolvimento para a zona rural e qualidade de vida para a populacao. 

esse valor foi liberado atraves de emenda parlamentar de minha autoria atendendo a solicitacao do ex-prefeito jefferson renno e dos vereadores batata da ponte nova, wando e zetinho do juncal, juntamente com o grupo politico que me apoia na cidade.

fico muito feliz de participar de mais essa conquista para sapucai-mirim! os sapucaienses pode sempre contar comigo na camara dos deputados e em minas gerais!

#sapucaimirim #sapucaimirimmg #maisrecursos #minasgerais #mg #deputadodimasfabiano #depdimasfabiano
ğŸ™ï¸ğŸ¯™ğŸŸ™â€ğŸŸ™"
"doc1441","deputado federal dimas fabiano","ğŸ™ï¸ğŸ™ğŸ¯™
ja estao na conta da prefeitura de goncalves r$ 150 mil para serem investidos no custeio das despesas com a area da saude do municipio, beneficiando a cidade com um atendimento publico de qualidade e que atenda as necessidades da populacao.

esse recurso foi possivel atraves de emenda parlamentar de minha autoria atendendo a solicitacao do presidente da camara municipal, julio cezar, dos vereadores expedito sorriso, maria do clovis, marquinho, professor tirso, paulinho targino, marquinhos dias e pele do sertao, dos ex-vereadores adilson e anderson abobrinha e da lideranca sueli do vena, juntamente com o grupo politico que me apoia na cidade.

fico muito feliz de participar de mais essa conquista para goncalves! os goncalvenses podem sempre contar comigo na camara dos deputados e em minas gerais! 

#goncalves #goncalvesmg #maisrecursos #saude #minasgerais #mg #deputadodimasfabiano #depdimasfabiano
ğŸ™ï¸ğŸ™ğŸ¯™"
"doc1467","braulio braz","durante meu mandato, me comprometi com meus parceiros a desempenhar meu maximo para desenvolver cada vez mais minas gerais.
e por isso atraves de minha indicacao, divino recebeu um repasse no valor de r$ 200.000,00, destinado a custeios na area da saude.
essa indicacao e consequencia da minha parceria com o municipio de divino e com nossas liderancas locais, que nos apoiam buscando melhor para o seu povo."
"doc1468","braulio braz","durante meu mandato, me comprometi com meus parceiros a desempenhar meu maximo para desenvolver cada vez mais minas gerais.
e por isso atraves de minha indicacao, bandeira do sul recebeu um repasse no valor de r$ 200.000,00, destinado a custeios na area da saude.
essa indicacao e consequencia da minha parceria com meu amigo e prefeito edervan, que vem realizando um otimo mandato e demais liderancas que sempre nos apoiam buscando o melhor para o seu povo e seu estado."
"doc1470","paulo abi-ackel","voce utiliza os servicos de saude em caputira ou conhece alguem que precisa? tem mais recursos chegando para reforcar o setor. 

se a sua resposta para a pergunta acima for sim, eu tenho uma boa noticia para voce: enviei mais r$ 250.000,00 para investimento em saude em caputira e o valor foi pago na ultima semana. o recurso foi um pedido do meu amigo e prefeito da cidade, celso goncalves, ao lado dos nossos vereadores da camara municipal. 

peco a todos que ajudem a divulgar esta acao que faz a diferenca na vida da populacao de caputira."
"doc1471","deputado federal dimas fabiano","ğŸŒ‡ğŸŒ‡
+ saude para machado!
ja estao na conta da prefeitura de machado r$ 500 mil para serem investidos na construcao do centro de imagem da santa casa do municipio, beneficiando a regiao com um atendimento publico de primeira qualidade e que atenda as necessidades da populacao. 

esse valor foi liberado atraves de emenda parlamentar de minha autoria em parceria com o senador rodrigo pacheco (psd-mg), atendendo a solicitacao do prefeito maycon, do presidente da camara municipal, vereador roger, e dos vereadores dirce e juliano campos, juntamente com o grupo politico que me apoia na cidade.

fico muito feliz de participar de mais essa conquista para machado! os machadenses podem sempre contar comigo na camara dos deputados e em minas gerais! 

#machado #machadomg #maisrecursos #saude #minasgerais #mg #deputadodimasfabiano #depdimasfabiano
ğŸŒ‡ï¸ğŸŒ‡ğŸ¬‡"
"doc1472","odair cunha","capacitacao profissional em passos! 

os alunos e alunas dos cursos de cuidador de idosos, auxiliar administrativo e corte e costura do capacita sul de minas em passos concluiram seus estudos, e foi um prazer participar da entrega dos certificados. estiveram conosco o coordenador do projeto, clayton, o diretor-geral do ifsuldeminas campus passos, joao paulo, os professores policardo, michelle, jussara, lucia e patricia e o parceiro wanderley salatiel, do instituto antonia maria, onde as aulas foram realizadas. parabens a todos e todas pela conclusao dos cursos. esperamos que esse seja o primeiro passo na caminhada rumo a uma vida melhor e com mais oportunidades!

ğŸ¡ o capacita sul de minas e uma iniciativa do instituto federal de educacao, ciencia e tecnologia do sul de minas gerais que conta com r$ 3 milhoes destinados pelo nosso mandato. ao final do projeto, serao mais de 20 mil pessoas beneficiadas em mais de 100 municipios, com 25 cursos de formacao continuada e pos-graduacao gratuitos. 

#educacao #capacitacaoprofissional #mercadodetrabalho #trabalho #presenca #parceria #ifsuldeminas #compromisso #semprecomvoce #passos"
"doc1473","odair cunha","novos kits de enxoval para santa casa de passos! 

alem de gerar oportunidade de emprego e renda para as familias, o capacita sul de minas tambem tem uma importante funcao social: os enxovais com lencois, fronhas e camisolas produzidos pelos alunos do curso de corte e costura sao doados para hospitais da regiao. a santa casa de misericordia de passos e uma das entidades beneficiadas e hoje realizamos a entrega de 180 kits para a instituicao, produzidos no ifsuldeminas - campus passos.

nos acompanharam o superintendente geral da santa casa, daniel soares, o gestor de recursos, rodrigo e o medico presidente, dr. fabian; o relacoes institucionais, paulo cesar, e a supervisora de captacao de recursos, elidiane rodrigues; alem dos representantes do ifsuldeminas, professores jussara e clayton, coordenador do projeto; o diretor-geral do campus, joao paulo, e o amigo juarez moreira. continuem contando com nosso trabalho e parceria!

ğŸ–¯ o capacita sul de minas e uma iniciativa do instituto federal de educacao, ciencia e tecnologia do sul de minas gerais que conta com r$ 3 milhoes destinados pelo nosso mandato. ao final do projeto, serao mais de 20 mil pessoas beneficiadas em mais de 100 municipios, com 25 cursos de formacao continuada e pos-graduacao gratuitos.

#educacao #capacitacaoprofissional #mercadodetrabalho #saude #santacasa #solidariedade #trabalho #presenca #parceria #ifsuldeminas #compromisso #semprecomvoce #passos"
"doc1478","odair cunha","mais seguranca pra passos! 

temos compromisso com a seguranca publica e, em passos, reforcamos essa missao entregando a nova viatura para a policia militar destinada pelo nosso mandato. o veiculo chega para reforcar a frota da corporacao e qualificar os servicos prestados pelos policiais na protecao do nosso povo e da nossa gente. estiveram presentes na entrega o ten. cel. charles, o ten. bruno, o presidente do sindicato dos trabalhadores do comercio de passos - sindcom, davi, e as liderancas levi, cesar e juarez moreira. continuem contando com nosso trabalho e apoio!  

#policiamilitar #pm #pmmg #segurancapublica #trabalho #presenca #parceria #compromisso #semprecomvoce #passos"
"doc1483","braulio braz","na ultima sexta-feira (24/06), estive no municipio de extrema, no sul de minas, acompanhando nosso governador romeu zema em uma agenda de grandes entregas e inauguracoes na cidade. 

na ocasiao, participei da cerimonia solene da inauguracao oficial da escola maristela carniel onisto e da entrega da nova sede do 59Âº batalhao de policia militar de minas gerais. durante a visita na escola, podemos conhecer de perto todo o trabalhado que a gestao municipal vem realizando no municipio, entregando uma escola com um alto padrao de qualidade e equipada com o que ha de mais moderno no segmento da educacao, ofertando uma educacao justa para aproximadamente 1.500 alunos.

durante a inauguracao do batalhao de policia militar, pude me surpreender com tamanha estrutura, que ira proporcionar aos policiais condicoes de trabalho excelentes, colocando extrema como uma das cidades que mais ofertam seguranca publica no estado. na cerimonia, foi assinada tambem a ordem de servico municipal  que autoriza a secretaria de obras e urbanismo a iniciar a construcao da delegacia regional de policia civil de minas gerais, encerrando com a entrega de mais de 15 viaturas policiais e o lancamento da ""operacao sentinela"", com o patrulhamento dos militares e de toda a frota de veiculos do batalhao.

parabenizo ao prefeito joao batista pelo trabalho realizado e ao grande amigo e vice-prefeito juliano por sempre estar em busca de uma politica que traga desenvolvimento para o povo deste municipio que tanto admiro. encontrei tambem meu amigo petebista tiago. todo o meu reconhecimento tambem ao governo de minas, que esta escrevendo uma historia nunca antes vista em minas.

fotos: assessoria de comunicacao deputado braulio braz e assessoria de comunicacao prefeitura municipal de extrema"
"doc1486","greyce elias","alterosa mais segura e mais desenvolvida! e por isso que trabalhamos em brasilia, para ajudar a cidade avancar! 

feliz em estar em alterosa, mais uma vez, para entrega de mais uma conquista pra seguranca publica, uma viatura modelo duster para a policia militar de alterosa, ao lado do prefeito marcelo, do vice file, dos vereadores gustavo gaiane, cinthia menezes, wellington, renato saude e edson carequinha, secretarios, amigos e liderancas. 

a viatura entregue para pm, ira contribuir para o policiamento ostensivo geral, tanto em atendimento de ocorrencias quanto em acoes e operacoes preventivas e repressivas.

desde 2019, tenho trabalhado pela cidade, ja foram mais de r$2 milhoes de emenda parlamentar destinados em varias areas alem da seguranca, como tambem a saude, assistencia social, infraestrutura, e agronegocio.
 
e com compromisso e muito trabalho, que vamos continuar levando recursos para toda cidade, contribuindo com um presente e futuro melhor para alterosa â¤ï¸"
"doc1496","braulio braz","durante meu mandato, me comprometi com meus parceiros a desempenhar meu maximo para desenvolver cada vez mais minas gerais.
e por isso atraves de minha indicacao, machado recebeu um repasse no valor de 
 r$265.000,00 que sera destinado a aquisicao de uma van de 15 lugares para a area da educacao no municipio.
essa emenda e consequencia da minha parceria com meu amigo e vice-prefeito joelzinho, e o prefeito maycon, que juntos vem realizando uma bela gestao em seu mandato, e demais liderancas que sempre nos apoiam buscando o melhor para o seu povo e seu estado."
"doc1514","deputado federal dimas fabiano","ğŸ‘¨ğŸ¡¨ğŸ¨ï¸
recebi nessa segunda-feira (13), no meu gabinete em brasilia, a visita do prefeito maycon, da minha querida cidade de machado. 

ele veio agradecer, em nome dos servidores da prefeitura, a criacao do fundo da previdencia social do municipio, que conseguimos homologar junto ao governo federal. agora, os servidores conseguirao ter uma aposentadoria digna apos tantos anos de luta e de  trabalho dedicados ao servico publico! 

fico muito feliz por fazer parte de mais essa conquista para machado. os machadenses podem sempre contar comigo na camara dos deputados e em minas gerais! 

#machado #machadomg #minasgerais #mg #inss #deputadodimasfabiano #depdimasfabiano 
ğŸ‘¨ğŸ¡¨ğŸ¨ï¸"
"doc1530","odair cunha","mais seguranca para itapeva, senador amaral e toledo! 

investir na seguranca do nosso povo e da nossa gente e fundamental, e parte desse trabalho envolve tambem equipar melhor a policia militar. em extrema, no  59Âº batalhao de policia militar, entregamos as novas pistolas de impulso eletrico para os pelotoes de toledo, senador amaral e itapeva. as novas armas, adquiridas com recursos do nosso mandato em parceria com o deputado estadual ulysses gomes , reforcam a estrutura da pm e ajudam a preservar a vida tanto da populacao quanto dos proprios policiais durante o servico. continuem contando com nosso trabalho!

estiveram presentes na entrega o cap. garcia, representando o comando de extrema; a ten. simone; o prefeito de itapeva, daniel, e a lideranca joao batista; a vereadora poliana, de senador amaral, e a chefe de gabinete, adalgisa; e o amigo emerson, do pt de extrema. ate a proxima!

#seguranca #policiamilitar #pm #pmmg #parceria #trabalho #compromisos #presenca #minasgerais #extrema #toledo #senadoramaral #itapeva"
"doc1532","braulio braz","estive essa semana em maria da fe, no sul de minas, comemorando o aniversario da cidade, onde pude encontrar e rever grandes amigos da jornada politica. na ocasiao, estive acompanhado de meu chefe de gabinete, adair vidal, juntamente com a minha querida esposa, beth braz. 

entre as diversas atividades ao longo do dia, tive a oportunidade de assistir um belo desfile civico que resgatou diversos pontos marcantes da historia de maria da fe, onde tambem foi desfilado uma frota de veiculos novos que ira oferecer conforto e qualidade para os moradores da cidade.

como presente para a cidade, realizei, juntamente com o prefeito e grande amigo adilson, a inauguracao da torre de sinal de tv digital, no alto do pico da bandeira, onde e possivel ter uma visao lindissima de maria da fe e seu entorno. 

ja o os moradores do bairro cafundo, foram contemplados com a inauguracao da ponte virgilio silva campos, que trouxe mais seguranca e infraestrutura para o bairro, onde ha uma grande circulacao de veiculos. 

na area da saude, foi inaugurada uma unidade de saude da familia no bairro grota, que ira beneficiar os moradores do bairro, oferecendo os mais variados servicos da area e solucionando questoes que estavam sendo aguardadas pela populacao. 

a sede da prefeitura tambem foi contemplada com uma revitalizacao interna de todo o andar terreo, onde tambem foi inaugurada a sala mineira do empreendedor e da junta comercial do estado de minas gerais (jucemg). a sala mineira do empreendedor possui o objetivo de melhorar e simplificar o ambiente de negocios local, facilitando o surgimento de novos empreendimentos.

finalizando o dia, houve o lancamento do documentario ""mariense futebol clube: essa historia precisa continuar"", no predio do centro cultural, que encantou e emocionou quem estava presente, relembrando e mantendo uma grande parte da historia da cidade e do esporte local. 

e extremamente gratificante poder participar de momentos assim e ajudar a escrever a historia de um municipio que tanto admiro. agradeco ao prefeito, vereadores, secretarios e todos que me receberam. seguiremos juntos trabalhando cada vez mais por uma maria da fe prospera e com desenvolvimento."
"doc1533","emidinho madeira","ğ——ğ——ğ——ğ——ğ——ğ——ğ——ğ——ğ—— ğ——ğ——ğ——ğ——ğ—— ğ——ğ——ğ——ğ——ğ——ğ——ğ—— ğ—— ğ——ğ——ğ——ğ——ğ——ğ—— ğ——ğ—— ğ——ğ——ğ——ğ——ğ——ğ——ğ——ğ——ğ——ğ——ğ——ğ——ğ—— ğ——ğ—— ğ——ğ——ğ——ğ——ğ——ğ—— 

a implantacao das delegacias rurais em passos, guaxupe, pocos de caldas e alfenas sempre foi prioridade em nosso mandato. fomos informados, que passos recebera, em breve, a instalacao do espaco dedicado a delegacia especializada em crimes praticados na zona rural. todos juntos no combate a criminalidade!"
"doc1534","deputado federal dimas fabiano","ğŸ¥ğŸ¯¥ğŸ¥
mais saude para machado! 

na semana passada (18), acompanhado do meu assessor alex palhares, o prefeito maycon willian e o diretor da santa casa de machado, luis fernando fonseca, vieram a brasilia para uma reuniao agendada no ministerio da saude com a assessora especial do gabinete do ministro, bonina rodrigues de almeida. infelizmente, nao pude estar presente por ter testado positivo para covid-19 horas antes do encontro.

entre as demandas solicitadas pelo municipio, lutamos pelo credenciamento de leitos de uti para a santa casa de machado, que beneficiarao toda a populacao da regiao com um atendimento cada vez melhor.

sempre estarei lutando por melhorias na area da saude!

machado e toda a populacao machadense podem sempre contar comigo na camara dos deputados e em minas gerais! 

#machado #machadomg #brasilia #saude #santacasa #hospital #deputadodimasfabiano #depdimasfabiano 
ğŸ¥ğŸ¯¥ğŸ¥"
"doc1535","deputado federal dimas fabiano","ğŸ¥ğŸ¯¥ğŸ¥
mais saude para machado! 

na semana passada (18), acompanhado do meu assessor alex palhares, o prefeito maycon willian e o diretor da santa casa de machado, luis fernando fonseca, vieram a brasilia para uma reuniao agendada no ministerio da saude com a assessora especial do gabinete do ministro, bonina rodrigues de almeida. infelizmente, nao pude estar presente por ter testado positivo para covid-19 horas antes do encontro.

entre as demandas solicitadas pelo municipio, lutamos pelo credenciamento de leitos de uti para a santa casa de machado, que beneficiarao toda a populacao da regiao com um atendimento cada vez melhor.

sempre estarei lutando por melhorias na area da saude!

machado e toda a populacao machadense podem sempre contar comigo na camara dos deputados e em minas gerais! 

#machado #machadomg #brasilia #saude #santacasa #hospital #deputadodimasfabiano #depdimasfabiano 
ğŸ¥ğŸ¯¥ğŸ¥"
"doc1542","braulio braz","durante meu mandato, me comprometi com meus parceiros a desempenhar meu maximo para desenvolver cada vez mais minas gerais.
por isso atraves de minha indicacao,  goncalves recebeu um repasse no valor de r$ 400.000,00 que sera destinado a calcamento das ruas do municipio.
essa emenda e consequencia da minha parceria com meu amigo e prefeito do municipio marcio do zeze, que vem realizando um trabalho extraordinario em seu mandato, e com demais liderancas.
e sempre uma honra estar ao lado de representantes que buscam o melhor para o seu povo e para seu estado."
"doc1547","odair cunha","kits de enxoval para o hospital dona chiquita  #saojoaobatistadogloria 

nos temos compromisso com a #saude de nossa regiao. por isso, foi com muita alegria que entregamos para o #hospital municipal dona chiquita, em sao joao batista do gloria, cerca de 60 kits de enxoval, confeccionados pelos alunos do curso de corte e costura do ifsuldeminas - campus passos . cada kit e composto por lencol, fronha e camisola. 

ğŸ”³(d) o capacita sul de minas e uma iniciativa de cursos de formacao profissional realizada pelo instituto federal de educacao, ciencia e tecnologia do sul de minas gerais  em parceria com nosso mandato. todo o material confeccionado pelos alunos do curso de corte e costura esta sendo doado as santas casas e hospitais da regiao. sao itens essenciais e que oferecem mais conforto para pacientes, enfermeiros e medicos. 

participaram da entrega o prefeito celso henrique (celsinho); a secretaria de saude, silvania vilela;  o coordenador dos cursos do capacita sul de minas, clayton mendes; os ex-vereadores weider e everaldo e os amigos juarez moreira  e manoel de simone."
"doc1552","braulio braz","estive ontem (04/05) no der (departamento de edificacoes e estradas de rodagem de minas gerais) acompanhando meu amigo e prefeito darci da loja, do municipio de carmo de minas, dialogando sobre melhorias nas rodovias que dao acesso a cidade e sobre a construcao de um portal de entrada na cidade.

um dos pontos que passara por melhorias e a rodovia que da acesso entre o municipio de carmo de minas e cristina, que se encontra atualmente com varias questoes que dificultam o trajeto de quem passa por la.

ja o portal, trara uma nova visao para quem chega ao municipio, valorizando a cidade e o entorno, incentivando pessoas a circularem por ali, devido a construcao de quiosques.

na ocasiao, estiveram presentes o secretario de insfraestrutura e mobilidade de minas gerais, fernando marcato, juntamente com o diretor geral do der, robson santana.

e muito importante ter grandes parceiros nesta caminhada, que trabalham por uma minas cada vez melhor. aproveito e deixo aqui os meus agradecimentos ao der."
"doc1577","deputado federal dimas fabiano","â›¹ğŸ‰°ğŸ©°ğŸ‰°
ja estao na conta da prefeitura de machado r$ 763.439 mil que serao usados para a construcao de uma quadra poliesportiva de 773 mÂ² no centro de educacao infantil professor cleiton pereira goncalves, beneficiando os estudantes da regiao com esporte e lazer de primeira qualidade.

esse recurso foi possivel atraves de emenda parlamentar de minha autoria atendendo a solicitacao do prefeito maycon, dos vereadores roger, dirce, juliano campos e erivelton, juntamente com o grupo politico que me apoia na cidade.

fico muito feliz em fazer parte de mais essa conquista para a cidade de machado! os machadenses podem sempre contar comigo na camara dos deputados e em minas gerais! 

#machado #machadomg #minasgerais #mg #educacao #deputadodimasfabiano #depdimasfabiano
â›¹ğŸ‰°ğŸ©°ğŸ‰°"
"doc1581","sergio felix","juiz de fora, mais vez, perde a oportunidade de incentivar a expansao economica e ampliar a geracao de empregos. perdemos a oportunidade de sediar a primeira fabrica da heineken em minas gerais. a politica desenvolvida para a atracao de empresas para o municipio continua aquem do ideal. a cidade de passos foi a escolhida para receber uma unidade da empresa. serao investimentos de cerca de r$ 1,8 bilhao."
"doc1584","braulio braz","ainda hoje, prossegui com atendimentos a liderancas de minas gerais. estive com o ex-prefeito de campo do meio, robson machado, e tivemos uma conversa extremamente proveitosa para ambos.
ao longo da reuniao, discorremos e avaliamos como poderiamos impactar positivamente na vida do cidadao  campo-meiense.
e com compromisso e dedicacao, que continuaremos fazendo o possivel para transformar vidas para melhor."
"doc1592","igor timo","recurso na conta. destinei mais r$ 50 mil em verbas federais para compra de equipamento para o servico social de machado"
"doc1618","odair cunha","lula fala para o sul e sudoeste de minas na radio passos fm"
"doc1619","odair cunha","::: alo, minas gerais! nesta terca, as 11h, tem lula ao vivo na radio passos 94,7 fm ! imperdivel! acompanhe aqui em nossa pagina. ğŸš "
"doc1620","odair cunha","::: alo, minas gerais! nesta terca, as 11h, tem lula ao vivo na radio passos 94,7 fm ! imperdivel! acompanhe aqui em nossa pagina. ğŸš "
"doc1623","luiz fernando faria","sempre buscarei defender meu estado com paixao e dedicacao, tendo a missao de servir a minas gerais. por isso, carrego a bandeira do agronegocio, hasteando-a acima de todas as outras que simbolizam meu apoio ao seu desenvolvimento; assim como a dos pequenos e medios municipios que devem ser reconhecidas pelas politicas do estado."
"doc1625","odair cunha","ha alguns dias, em extrema, a companheira lourdinha rocha me emocionou com um texto que ela escreveu sobre o assassinato brutal do jovem congoles moise kabagambe. pedi a ela permissao para fazer ecoar suas palavras na camara dos deputados, pois nao podemos permitir que o silencio e o esquecimento dessa violencia prevalecam."
"doc1633","odair cunha","capacitacao profissional e solidariedade

e fundamental que nossas instituicoes possam se ajudar e trabalhar juntas em tempos tao dificeis. por isso foi com muito prazer que entregamos hoje a santa casa de misericordia de boa esperanca  os 100 lencois e 100 fronhas confeccionados no campus do ifsuldeminas - campus passos .  o material esta sendo produzido pelos alunos do curso de corte e costura do programa capacita sul de minas e doado para diversas entidades da regiao. sao cerca de 500 alunos, que produzirao, ao final do projeto, aproximadamente 5000 lencois, 50000 fronhas e 1500 camisolas! participaram conosco da entrega os  membros da santa casa dra. maria celeste, provedora e presidente, ricardo, diretor, e dr. anderson figueiredo, do conselho fiscal, alem da diretora de extensao do ifsul, roselei eleoterio.

ğŸ¡ o capacita sul de minas e uma iniciativa de cursos de formacao profissional realizada pelo instituto federal de educacao, ciencia e tecnologia do sul de minas gerais  em parceria com nosso mandato. estamos destinando r$ 2 milhoes para capacitacao, a distancia e presencial, em 16 cursos de formacao continuada e pos-graduacao gratuitos em toda a regiao. uma maneira de ajudar nosso povo a se reinserir no mercado de trabalho. 

#solidariedade #saude #educacao #ifsuldeminas #costura #capacitacao #emprego #renda #curso #passos #boaesperanca"
"doc1634","odair cunha","nos temos compromisso com a saude e com as entidades que cuidam da nossa gente. por isso foi com muito orgulho que entregamos para a santa-casa de machado os novos itens do enxoval confeccionados pelos alunos do curso de corte e costura do instituto federal de educacao, ciencia e tecnologia do sul de minas gerais. durante o curso, que faz parte do programa capacita sul de minas, os 500 alunos produzirao aproximadamente 5000 lencois, 50000 fronhas e 1500 camisolas, que ja estao sendo doados as santas casas e hospitais da regiao. sao itens essenciais no dia a dia das entidades, e que farao a diferenca para os pacientes, enfermeiros e medicos. 

participaram da entrega o deputado estadual ulysses gomes, o diretor da santa casa, aryovaldo; o ex-prefeito e coordenador de relacoes institucionais do ifsuldeminas - campus machado , roberto camilo orfao morais; a diretora de extensao do ifsul, roselei eleoterio; o presidente do pt, leonardo; vereadores e liderancas. 

ğŸ“  o capacita sul de minas e uma iniciativa de cursos de formacao profissional realizada pelo ifsuldeminas em parceria com nosso mandato e do deputado estadual ulysses gomes . estamos destinando r$ 2 milhoes para capacitacao, a distancia e presencial, em 16 cursos de formacao continuada e pos-graduacao gratuitos em toda a regiao. uma maneira de ajudar nosso povo a se reinserir no mercado de trabalho."
"doc1636","odair cunha","o #tbt de hoje e sobre solidariedade e capacitacao profissional. em janeiro entregamos kits com lencois e fronhas confeccionados pelo instituto federal de educacao, ciencia e tecnologia do sul de minas gerais a santa casa de misericordia de boa esperanca . os enxovais foram produzidos pelos alunos do cursos de corte e costura do capacita sul de minas. seguimos juntos trabalhando pelos hospitais, santas casas e entidades que cuidam da saude do nosso povo e da nossa gente! 

ğŸ“´ o capacita sul de minas e uma iniciativa de cursos de formacao profissional realizada pelo instituto federal de educacao, ciencia e tecnologia do sul de minas gerais em parceria com nosso mandato. estamos destinando r$ 2 milhoes para capacitacao, a distancia e presencial, em 16 cursos de formacao continuada e pos-graduacao gratuitos em toda a regiao. uma maneira de ajudar nosso povo a se reinserir no mercado de trabalho. 

#solidariedade #saude #educacao #ifsuldeminas #costura #capacitacao #emprego #renda #curso #passos #boaesperanca"
"doc1637","delegado marcelo freitas","a semana em brasilia/df tem sido de intensos trabalhos. recebemos, com muito orgulho e satisfacao, os nossos prefeitos, vice-prefeitos, vereadores, secretarios municipais e amigos das cidades de: 

â–  rio pardo de minas: o prefeito astor de sa (tuquinha) e o vice-prefeito davitt bastos;

â–  brasilia de minas: o prefeito dr. marcus vinicius e o vereador elizeu fernandes de angicos; 

â–  santo antonio do retiro: o prefeito ivo do sindicato; 

â–  pirapora: o prefeito alex cesar e secretarios municipais; 

â–  corinto: o prefeito evaldo dos reis (evaldao); 

â–  catuti: o prefeito delermando franca; 

â–  joao pinheiro: o prefeito edmar xavier (edinho); 

â–  paracatu: o prefeito igor santos e o vice-prefeito dr. gabriel ferrao, com secretarios; 

â–  joaquim felicio: o prefeito miguelzinho de helmar; 

â–  santa cruz de salinas: o prefeito jose saraiva (ze de bile) e o vice-prefeito joaquim barbosa (kinim); 

â– juramento: a prefeita marlene de venancio, com secretarios/amigos; 

â–  passos: o prefeito diego oliveira; 

â–  sao romao: o prefeito marcelo meireles; 

â–  serranopolis de minas: o prefeito max vinicius (marcao);

â–  sao joao das missoes: o prefeito jair xakriaba;

â–  guaraciama: o prefeito ze maria (dedim); 

â–  lontra: o amigo e secretario adenilson, irmao do nosso prefeito macarrao; 

â–  uberlandia: o nosso amigo thiago fernandes; 

â–  iturama: o vice-prefeito olegario ferreira e os secretarios municipais de saude e educacao, rogerio barroso e saulo vieira.

nosso mandato e de resultados! estamos dando toda assistencia aos municipios, levando politica com seriedade para minas gerais. seguimos trabalhando na construcao de novos tempos para o nosso pais!"
"doc1638","deputado federal dimas fabiano","ğŸŒ‡âœğŸŒ‡ğŸœ‡
ja foram iniciadas na cidade de carvalhos as obras de calcamento e manilhamento das ruas diogenes alves diniz e joaquim goncalves dos santos e de drenagem da rua sebastiao leal borges, beneficiando os moradores da regiao com mais qualidade de vida e imoveis muito mais valorizados.

as obras foram possiveis atraves de r$ 248.300 mil em emendas parlamentares de minha autoria atendendo a solicitacao dos vereadores adams nenem, marquinho pulanagua, valmiro da silva, roseni e fatinha enfermeira, juntamente com o grupo politico que me apoia na cidade. 

carvalhos e toda a populacao carvalhense podem sempre contar comigo na camara dos deputados e em minas gerais!

#carvalhos #carvalhosmg #recursos #infraestutura #minasgerais #mg #deputadodimasfabiano #depdimasfabiano
ğŸŒ‡âœğŸŒ‡ğŸœ‡"
"doc1639","julio delgado","acionei o ministerio publico para  mover uma acao na justica com o objetivo de suspender a cobranca da bandeira de escassez hidrica nas contas de luz.

chega a ser ate um deboche, com quase 20% dos municipios mineiros debaixo d'agua, as pessoas pagarem uma tarifa por escassez de agua. 

estou indo esta tarde a uma audiencia com o procurador-geral de justica do estado de minas gerais, dr. jarbas soares junior, para entregar formalmente o pedido.

vou dizer a ele que os reservatorios estao transbordando, entao nao ha justificativa para a manutencao dessa tarifa, pelo menos nao nos municipios que perderam praticamente tudo, estao alagados e as pessoas ainda vao reconstruir suas vidas."
