Column1,SQ_CANDIDATO,full_name,NR_CANDIDATO,Bens_Declarados
1,1.30E+11,GLEISER LUCIO BORONI SOARES,5130,2195986771
2,1.30E+11,ANTONIO CARLOS CALDEIRA RAMOS,5112,570000000
3,1.30E+11,ANTONIO FERNANDO PEREIRA DOS SANTOS,5114,33322477
4,1.30E+11,ANA PAULA SANTANA DE REZENDE ARRUDA,5103,90900000
5,1.30E+11,CRISTINA GARVIL,5199,207341488
6,1.30E+11,JANAINA KATARI FONTES,5166,32400000
7,1.30E+11,APARECIDA SÔNIA FERREIRA VIDAL,5120,4057938
8,1.30E+11,ROSANA MARIA VIOL FARIA,5105,218930400
9,1.30E+11,EDUARDA FERREIRA LIMA,5192,800000
10,1.30E+11,LIDIA MARIA DE OLIVEIRA JORDÃO ROCHA DA CUNHA,5155,66049536
11,1.30E+11,LIZA FERNANDES PRADO,5100,48155476
12,1.30E+11,ELIO ANTONIO LACERDA,5190,241465266
13,1.30E+11,ERIK ASSIS CASTRO,5137,360000000
14,1.30E+11,FABIANO LOPES FERREIRA,5154,1417229291
15,1.30E+11,FELIPE MAURÍCIO SALIBA DE SOUZA,5115,533419614
16,1.30E+11,FREDERICO DE CASTRO ESCALEIRA,5152,162631454
17,1.30E+11,GUILHERME VINICIUS DE MORAIS ROCHA,5156,3500000
18,1.30E+11,ISAIAS SILVESTRE,5177,11500000
19,1.30E+11,JOÃO VICTOR RIBEIRO FERNANDES,5160,120000000
20,1.30E+11,BERNARDO AUGUSTO PEREIRA NORTE,5111,494113
21,1.30E+11,FREDERICO BORGES DA COSTA,5133,445376051
22,1.30E+11,IRLAN CHAVES DE OLIVEIRA MELO,5123,12400000000
23,1.30E+11,CARCILEI SOARES MARTINS,5144,156500000
24,1.30E+11,NELIO CEZAR NOGUEIRA,5161,3000000
25,1.30E+11,WAGNER DA SILVA SALES,5125,52062943
26,1.30E+11,LINCOLN LOPES FERREIRA,5131,294875714
27,1.30E+11,NILTON FLAVIO DE OLIVEIRA MARRA,5170,44250000
28,1.30E+11,PAULO ROBERTO MOREIRA ANDRADE DE SÁ,5159,260000000
29,1.30E+11,PEDRO DOSHIKAZU PIANCHAO AIHARA,5193,93019401
30,1.30E+11,REGINALDO ROSA DOS SANTOS,5167,340000000
31,1.30E+11,TIAGO ROGERIO DA SILVA FOGAÇA DE AGUIAR,5122,262672932
32,1.30E+11,URBANO DE ALMEIDA SANTOS,5180,162750000
33,1.30E+11,SÉRGIO CIRINO FERREIRA,5195,140000000
34,1.30E+11,VANDERLEI DA ROCHA TEIXEIRA,5101,33200468
35,1.30E+11,ELISON RODRIGUES DE SOUSA,51777,4000000
36,1.30E+11,ROBERTO DIAS DE ANDRADE,51222,1721336716
37,1.30E+11,ROBSON TADEU DE PAULA,51193,360000000
38,1.30E+11,HAMILTON DA SILVA,51100,81500000
39,1.30E+11,VALERIA BARBOSA RUBIO CRUZ,51567,12920000
40,1.30E+11,MARCELO DE SOUZA,51111,43899083
41,1.30E+11,JOAO LUIZ VAZ,51400,8691868
42,1.30E+11,MARIENE PATRICIA RODRIGUES,51031,2400000
43,1.30E+11,PEDRO TAVARES LIMA,51515,234226874
44,1.30E+11,WEDERSON RAFAEL FRAGA,51234,7190000
45,1.30E+11,PAULO VALDIR FERREIRA,51051,119545000
46,1.30E+11,GERALDO DIAS AMADOR,51800,22500000
47,1.30E+11,IRINEU INACIO DA SILVA,51027,151954112
48,1.30E+11,DENISE DE STEFANI MAX,51999,440000000
49,1.30E+11,PEDRO GONÇALVES MAGALHÃES JUNIOR,51700,6200000
50,1.30E+11,CARLOS LINDOMAR DE SOUSA,51023,108566470
51,1.30E+11,DOORGAL GUSTAVO SAD LAFAYETTE DE ANDRADA,51300,468502119
52,1.30E+11,JORGE ELIAS DE SOUZA LEMOS,51522,120000000
53,1.30E+11,ADRIANA DE FÁTIMA NOGUEIRA,51733,2200000
54,1.30E+11,VINICIUS SAMOR DE LACERDA,51200,16770000
55,1.30E+11,FABIO MARINHO DOS SANTOS,51888,720000000
56,1.30E+11,VANDERLEI MARQUES DA SILVA,51022,18447600
57,1.30E+11,ERALDO CHAMONE MARQUES,51123,24847496
58,1.30E+11,MARIANA CARLA SERGIO RODRIGUES,51822,24890001
59,1.30E+11,MARISTELA APARECIDA DUTRA,51122,13530098
60,1.30E+11,ANDRE SOL ROCHA MENDES,51000,47500000
61,1.30E+11,ALESSANDRO ANTONIO BORGES,51007,1300000
62,1.30E+11,FAGNER DE PÁDUA PEREIRA,51656,1600000
63,1.30E+11,CATHYA GUIMÁRIA GOULART,51333,6750000
64,1.30E+11,GUILHERME GLEISON PEREIRA DA COSTA,51177,15300000
65,1.30E+11,PATRICIA DE FATIMA RIBEIRO SANTOS,51510,4800000
66,1.30E+11,ANA PAULA DE MIRANDA GUIMARÃES,51501,26500000
67,1.30E+11,CHICRE JOSE ABUD NETO,51900,205724702
68,1.30E+11,ALESSANDRO RIBEIRO FERNANDES,3040,11428988
69,1.30E+11,BERNARDO LUIZ FORNACIARI RAMOS,3015,336041767
70,1.30E+11,ANDREA LARA BOSCARRIOL GONÇALVES MOREIRA,3099,136162738
71,1.30E+11,WARLEY DE ARAÚJO MÓL,3033,108994011
72,1.30E+11,ANA MARIA SOARES VALENTINI,3038,362626109
73,1.30E+11,APOLO CARVALHO FERREIRA,3070,279693114
74,1.30E+11,CARLOS EDUARDO AMARAL PEREIRA DA SILVA,3000,148138553
75,1.30E+11,DENNYS GARCIA XAVIER,3002,13500000
76,1.30E+11,DÓRIS CAMARGO MARTINS DE ANDRADE,3004,1558409964
77,1.30E+11,LUCAS DE VASCONCELOS GONZALEZ,3022,30600000000
78,1.30E+11,MÁRCIA MARIA PINHEIRO DOS SANTOS,3020,180500000
79,1.30E+11,ANDRE LUIZ LEMES VILAS BOAS,3012,1500000
80,1.30E+11,BRUNO MASSA GUIMARÃES,3034,55500000
81,1.30E+11,CLARIANA ALVES DE PAULA QUEIROZ,3044,111100000
82,1.30E+11,GUADALUPE MACHADO DIAS,3035,134804859
83,1.30E+11,GUILHERME DA CUNHA ANDRADE,3031,43361357
84,1.30E+11,MARÇAL SERAFIM CÂNDIDO,3080,30250000
85,1.30E+11,RICARDO ZEMA GUIMARÃES,3010,13827700
86,1.30E+11,RICHARD CRISOSTOMO BORGES MACIEL,3030,1400000000
87,1.30E+11,RODRIGO ANTÔNIO DE PAIVA,3025,527281015
88,1.30E+11,RODRIGO RIBEIRO PIGNATON,3077,10500000000
89,1.30E+11,RÔMULO BULDRINI FILOGÔNIO,3053,17080000
90,1.30E+11,RONEY FERNANDO DIEGO DE PAULA,3090,18400000
91,1.30E+11,PAOLA BRAGA DE OLIVEIRA,3003,2700000000
92,1.30E+11,LUCAS PITTA MACIEL,30630,207817126
93,1.30E+11,LUIZ MARCELO CABRAL TAVARES,30444,140200000
94,1.30E+11,LEANDRA MACHADO SANTOS,30103,16500000000
95,1.30E+11,LEONARDO VITOR DE OLIVEIRA,30200,75100000
96,1.30E+11,MAURÍCIO LEMES DE CARVALHO,30230,830050568
97,1.30E+11,MAURO SERGIO GUIMARAES,30303,31667172
98,1.30E+11,SELMA SORAYA SANTOS DIAS,30800,58403086
99,1.30E+11,TATIANE BORGES RAMOS FAVARINI,30003,26383500
100,1.30E+11,TERESA MARIA CORREIA GUERRA GONÇALVES,30022,67433815
101,1.30E+11,VICTOR MAGALHÃES CEZARINI,30222,80500000
102,1.30E+11,ARTHUR HELIO ALBERGARIA CAMPOS,30555,75874200
103,1.30E+11,ALAN BRUNO VALE DA COSTA,30789,40000000
104,1.30E+11,ASTÉRIO ITABAYANA NETO,30330,41117405
105,1.30E+11,CINTHIA SANCHES SILVA PEREIRA,30900,23270000
106,1.30E+11,DANIEL ANGOTTI MOISÉS MARQUES,30034,220000000
107,1.30E+11,DANIELLE MARINA DE SOUZA DO CARMO,30300,970000000
108,1.30E+11,ELAINE MAIA NASCIMENTO,30123,28375907
109,1.30E+11,FABIANO SANTOS JUNQUEIRA,30037,316600000
110,1.30E+11,GUSTAVO TAMBELINI BRASILEIRO,30111,46008915
111,1.30E+11,HÉLIO LOPES DE OLIVEIRA FILHO,30400,298498000
112,1.30E+11,PATRICIA ALBERGARIA IAMIN CURI,30333,142220000
113,1.30E+11,PAULA MIGUEL SIQUEIRA VIANA,30888,131500000
114,1.30E+11,RAFAEL EUGENIO FERNANDES,30999,45062147
115,1.30E+11,RODRIGO CÁRIA MAGALHÃES,30035,36000396
116,1.30E+11,ROGERIO ANICIO OLIVEIRA,30456,540000000
117,1.30E+11,SEVERTON PEREIRA DA SILVA,30689,63161347
118,1.30E+11,SINAIA VEIGA PEREIRA,30130,1500000
119,1.30E+11,BERNARDO SILVIANO BRANDÃO VIANNA,30030,26882370
120,1.30E+11,BRUNO ARAÚJO OLIVEIRA,30190,43589204
121,1.30E+11,FLAVIO SOUZA DE MATTOS,30001,49100000
122,1.30E+11,GERALDO LUCAS SALOMÃO ALVARENGA,30000,176950000
123,1.30E+11,JAIR ROCHA DO PRADO,30301,96003951
124,1.30E+11,JOSÉ LAVIOLA NETO DE LIRA,30011,114694999
125,1.30E+11,JULIANO ESTANISLAU LACERDA,30033,39200000
126,1.30E+11,LAURA MENDES SERRANO,30700,43736553
127,1.30E+11,LEONARDO ANTÔNIO SANTOS,30747,52674757
128,1.30E+11,MARCELO AGUIAR DE SOUSA,30987,28500000000
129,1.30E+11,MARCO ANTONIO VIEIRA GOMES,30023,140500000
130,1.30E+11,MARIA STHER MOREIRA,30201,210000000
131,1.30E+11,MÁRCIO ALMEIDA BERNARDINO,30234,94478981
132,1.30E+11,NIVALDA DE LIMA SILVA,30615,37366456
133,1.30E+11,SAMIRA FUAD JRAY DE OLIVEIRA,30007,282571696
134,1.30E+11,WAGNER INACIO FREITAS DIAS,30321,87771953
135,1.30E+11,GERALDO AFONSO FRAGA,30100,80000000
136,1.30E+11,JUERCIO MAGALHÃES GOMES,30777,118800000
137,1.30E+11,ROBERTO ELBO GONÇALVES,7065,40000000
138,1.30E+11,MONICA CARDOSO DA SILVA,7027,86890
139,1.30E+11,GENTIL MATA DA CRUZ,7022,91484400
140,1.30E+11,HEBER GOMES NEIVA,7012,153950976
141,1.30E+11,LUIZ FERNANDO DE SOUZA,7060,27848918
142,1.30E+11,MICHELLY CAROLINE LUIZ PEREIRA DE SIQUEIRA,7044,9980150
143,1.30E+11,FLÁVIA RITA COUTINHO SARMENTO,7003,359389390
144,1.30E+11,LUIS HENRIQUE DE OLIVEIRA RESENDE,7070,308196928
145,1.30E+11,RONIVON MARTINS DA SILVA,7071,1026058
146,1.30E+11,MÁRCIO GONÇALVES PINTO,7019,20000000
147,1.30E+11,WESLEY MARTINS DA SILVA,7006,10600000
148,1.30E+11,MARLON PORTES NEVES,7051,3000000
149,1.30E+11,RICARDO FERNANDO PEDROSA,7067,52375000
150,1.30E+11,JOSE ANTONIO ALVES DE SOUSA,7078,88500000
151,1.30E+11,JOSE RONALDO DA SILVA,7015,28500000000
152,1.30E+11,EDGARD LUIZ MENDONÇA,7035,36680432
153,1.30E+11,SEBASTIÃO CARLOS CHAVES DE MEDEIROS,7066,106200000
154,1.30E+11,LELIS JORGE SILVA,7098,1020101070
155,1.30E+11,JAIR GREGORIO DE SOUZA,7007,45800000
156,1.30E+11,JOSE ROBERTO FERNANDES,7097,98934700
157,1.30E+11,ANTONIO ARQUIMEDES BORGES DE OLIVEIRA,7033,2704151990
158,1.30E+11,CLEUSA ANTONIA BARBOSA,7034,1300000
159,1.30E+11,ARNALDO QUEIROZ DE MELO JÚNIOR,7087,1385962178
160,1.30E+11,ROBERTO SILVA SOARES,7089,15572000
161,1.30E+11,IONE MARIA MOREIRA DIAS BARBOSA,7010,270663700
162,1.30E+11,WAGNER MARIANO JUNIOR,7050,71820218
163,1.30E+11,YULA DE LIMA MEROLA,7088,5885947
164,1.30E+11,REMOLO ALOISE,7080,559297602
165,1.30E+11,RIZZIA ALVES ETTI FROES,7014,47021900
166,1.30E+11,RUY ADRIANO BORGES MUNIZ,7025,15805156555
167,1.30E+11,RENATA CASSIA FERREIRA PEREIRA,7061,37500000
168,1.30E+11,TALES MARCELO ALVES,7020,7100000
169,1.30E+11,KLIBAS APARECIDO ANDRADE,7075,100900000
170,1.30E+11,NASTENKA GEORGINA FERREIRA RIBEIRO,7056,1500000
171,1.30E+11,GREYCE DE QUEIROZ ELIAS,7011,169039848
172,1.30E+11,RAMON MOREIRA,7047,1348192848
173,1.30E+11,HAROLDO DE SOUSA QUEIROZ,7090,62515384
174,1.30E+11,LAZARO ELIAS CAMILO,7023,840000000
175,1.30E+11,LEILA CORDEIRO DA CRUZ,7072,16710200
176,1.30E+11,ADRIANO ZAGO,7000,91707323
177,1.30E+11,AMANDA BEATRIZ FOLTRAN,7079,26296375
178,1.30E+11,ANALIA DE SOUZA SILVA,7076,1020000
179,1.30E+11,BRUNO SOUZA FARIAS,7077,80473983
180,1.30E+11,COSME FERREIRA DO NASCIMENTO,7045,62193632
181,1.30E+11,DIVINO PEREIRA,7055,7000000
182,1.30E+11,EDVALDO BAIAO ALBINO,7013,15006269
183,1.30E+11,ELVES RODRIGUES CORTES,7099,64141857
184,1.30E+11,ENILDA MARIA SOUZA,7031,44500000
185,1.30E+11,SAVIO RODRIGUES FONTES,7030,27711929
186,1.30E+11,KELINE LIMA DA SILVA,70770,8900000
187,1.30E+11,MOACIR FERREIRA SOL,70234,1900000
188,1.30E+11,ROBSON BATISTA LOPES,70473,1000000
189,1.30E+11,ROBERTO ROMUALDO DE OLIVEIRA,70070,12300000
190,1.30E+11,MILTON TEODORO IRIAS JUNIOR,70333,179692463
191,1.30E+11,VANIA PORTO MUMIC,70720,500000
192,1.30E+11,FABIO JOSE DE OLIVEIRA,70123,169276533
193,1.30E+11,MARIO JORGE RIBEIRO DA SILVA,70678,97500000
194,1.30E+11,CARLOS HONORIO OTTONI JUNIOR,70100,14002157
195,1.30E+11,CLÁUDIO MARCOS SANTOS OLIVEIRA,70707,76946549
196,1.30E+11,CARLOS ALBERTO SILVA,70222,22800000000
197,1.30E+11,CHRISTIAN ELIZANDRO SOUZA COSTA,70110,20400000000
198,1.30E+11,CHRYSTIAN DIAS BATISTA,70747,22064763
199,1.30E+11,CLAUDIO MARCIO CORDEIRO BRANDÃO,70777,25500000
200,1.30E+11,RAFAEL GOMES DE OLIVEIRA,70700,54359630
201,1.30E+11,CLÉRIA LÚCIA DE SOUZA SALOMÉ,70011,17500000
202,1.30E+11,DANIEL DESLANDES DE TOLEDO,70560,7500000
203,1.30E+11,DANIEL LISBENI MARRA FONSECA,70079,95550000
204,1.30E+11,DANIELA DA SILVA PERDIGÃO FERNANDES FELICIANO,70007,33600000
205,1.30E+11,DERLAN MIRANDA DOS REIS,70190,24070000
206,1.30E+11,ELIEZER VIEIRA MACHADO FILHO,70116,550000
207,1.30E+11,JOSÉ DIMAS GOMES DA SILVA,70702,2000000
208,1.30E+11,LEANDRO PIMENTEL DA SILVA DOS SANTOS,70115,4441600
209,1.30E+11,IRANI MACHADO,70127,126600000
210,1.30E+11,JOÃO GONÇALVES FILHO,70669,4737523
211,1.30E+11,LAURENCE DIAS FAGUNDES,70077,2436560
212,1.30E+11,LAYLA AMELIA MEIRA ALVES,70000,1500000
213,1.30E+11,RUBENS GONÇALVES DE BRITO,70193,90143606
214,1.30E+11,LEONARDO JACKSON RODRIGUES,70121,244651642
215,1.30E+11,PEDRO MAURÍCIO SANTOS PEREIRA,70334,26600000
216,1.30E+11,SIDINEY MESSIAS SOARES ROSA,70012,8500000
217,1.30E+11,MARIA JOSÉ SILVA,70170,320000000
218,1.30E+11,MARIA HELENA MARTINS OLIVEIRA,70200,182906108
219,1.30E+11,LUCIMAR EUSTAQUIO DE ASSIS,70717,35700000
220,1.30E+11,GILSON EDIMAR CANDIDO DA SILVA,70118,350000
221,1.30E+11,GERALDO MANGELO DE ALMEIDA,70888,19750000
222,1.30E+11,GABRIEL QUINTÃO NUNES,70120,1850000
223,1.30E+11,ERCI LOURENÇO RODOVALHO,70117,10800000
224,1.30E+11,ELVIRA TRIBUSI,70576,19430000
225,1.30E+11,ADILSON SOUSA ARAÚJO,70202,3050200
226,1.30E+11,ALEXANDRE SILVA COUTINHO,70114,27555600
227,1.30E+11,ALMIR ROGERIO NUNES DE SOUZA,70444,150000000
228,1.30E+11,ANA CAROLINA PINTO CARAM GUIMARÃES,70789,81585773
229,1.30E+11,ANA CAROLINA PONTELO CANABRAVA,70400,34453880
230,1.30E+11,ANTÔNIO MARTINS SAMPAIO,70199,111100000
231,1.30E+11,ARLEN DE PAULO SANTIAGO FILHO,70111,441203759
232,1.30E+11,CARLOS ROBERTO GONÇALVES DA ROCHA,70112,260000000
233,1.30E+11,ADILSON FERREIRA DOS SANTOS,70600,18800000
234,1.30E+11,ALINE ALVES QUIRINO,70567,8600000
235,1.30E+11,CARLÚCIA FERREIRA SILVA GOMES,70999,111150000
236,1.30E+11,CELESTINO CARNEIRO ROCHA,70028,107845577
237,1.30E+11,CELTON ROCHA MESQUITA,70555,102600000
238,1.30E+11,LOURIVAL DE SOUSA GONCALVES,70122,8300000
239,1.30E+11,RICARDO LUIZ NOGUEIRA,5501,500000
240,1.30E+11,ELVIO NASSER,5567,111800000
241,1.30E+11,LUCELIA MEDEIROS AREDES DE MENEZES,5573,900000
242,1.30E+11,CELSO DONATO DE MORAIS FILHO,5588,63315873
243,1.30E+11,ROBERTO SOUZA CAMPOS,5582,324562993
244,1.30E+11,DAVID ARAÚJO MACHADO,5565,3993000
245,1.30E+11,LEANDRO MARINHO,5560,4000000
246,1.30E+11,MARIA LAURA DE JESUS OLIVEIRA,5542,7500000
247,1.30E+11,THIAGO TORRES COELHO,5575,6500000
248,1.30E+11,SERGIO APARECIDO GOMES,5531,65176800
249,1.30E+11,LUIZ FERNANDO RAMOS FARIA,5500,275687493
250,1.30E+11,DJALMA AUGUSTO GOMES BASTOS,5590,29629128
251,1.30E+11,MARIA DA CONCEIÇÃO OLIVEIRA CAMPOS,5570,137609411
252,1.30E+11,ANDRÉA ALVES RIBEIRO,5530,420000000
253,1.30E+11,ISMAR VICENTE DOS SANTOS,5545,12500000
254,1.30E+11,ANDRÉA DE FÁTIMA MACHADO ADJUTO,5580,35231109
255,1.30E+11,SELMO EUSTÁQUIO BARBOSA,5507,1600000
256,1.30E+11,JOÃO GIORDANI NETO,5595,63200000
257,1.30E+11,WARLEY ISIDORO LEITE,5513,965000
258,1.30E+11,LUIZ UBIRATAN PIRES,5512,66500000000
259,1.30E+11,LUIZ OTÁVIO FRANCO,5557,104018747
260,1.30E+11,MARIA SERGIANA GOMES DE OLIVEIRA,5586,10000000
261,1.30E+11,MISAEL ARTUR FERREIRA VARELLA,5505,4306755870
262,1.30E+11,CLEUDES SOARES DE ALMEIDA,5540,15800000
263,1.30E+11,STEFANO AGUIAR DOS SANTOS,5544,325820887
264,1.30E+11,LUIZ GONZAGA RIBEIRO,5522,34368616
265,1.30E+11,EDNEIA FATIMA DA CUNHA,5577,3500000
266,1.30E+11,FRANCISCA MARIA DA SILVA,5558,9000000
267,1.30E+11,GILMAR DE SOUSA BATISTA JUNIOR,5535,32900000
268,1.30E+11,DENILSON FRANCISCO TEIXEIRA,5511,77601478
269,1.30E+11,RENATO BARBOSA DE ANDRADE,5510,222340569
270,1.30E+11,ANDERSON LUÍS COELHO,5533,71625195
271,1.30E+11,DIEGO LEONARDO DE ANDRADE CARVALHO,5555,111696000
272,1.30E+11,ROBSON PAIVA ZANOLA,5520,63225100
273,1.30E+11,DANIEL FLÁVIO DE MOURA CARVALHO,5566,113800000
274,1.30E+11,PATRICIA MARIA DA COSTA REIS,55250,11100000000
275,1.30E+11,JOSEILDA SANTOS DA SILVA,55630,350000000
276,1.30E+11,TITO BRUNO MIRANDA TORRES DUARTE,55240,38198020
277,1.30E+11,CÉLIA SIMONE DE ALMEIDA,55770,84108753
278,1.30E+11,FABIO JUNIO MONTEIRO SIQUEIRA,55901,30700000
279,1.30E+11,MARLENE LOPES VIEIRA MAGALHÃES,55077,70000000
280,1.30E+11,APARECIDO LEANDRO DE CASTRO,55355,620000000
281,1.30E+11,FLAVIO JOSE DE SOUSA,55425,840000
282,1.30E+11,HELIO MEDEIROS CORREA,55055,5000000
283,1.30E+11,MAKOTO EDISON SEKITA,55522,768650569
284,1.30E+11,TEÓFILA SALES DA SILVA,55107,9000000
285,1.30E+11,CHRISTIANO AUGUSTO XAVIER FERREIRA,55333,138001842
286,1.30E+11,NILTON APARECIDO MILITÃO,55070,43700000
287,1.30E+11,RENATO SILVA MOURA,55456,33994863
288,1.30E+11,GILBERTO WAGNER MARTINS PEREIRA ANTUNES,55210,203882920
289,1.30E+11,LEANDRO ANDRADE GENARO OLIVEIRA,55444,68894356
290,1.30E+11,IVANEIDE GONÇALVES PIMENTA,55480,47200000
291,1.30E+11,OSVALDO LOPES DE OLIVEIRA JUNIOR,55000,51170958
292,1.30E+11,JEFERSON DOUGLAS SOARES ESTANISLAU,55800,101143764
293,1.30E+11,ADRIANO MARTINS DE OLIVEIRA,55650,130000000
294,1.30E+11,WILSON ROBERTO BATISTA,55123,567292057
295,1.30E+11,LUCIANA APARECIDA DOS SANTOS,55777,4187648
296,1.30E+11,ANTÔNIO BATISTA PEREIRA,55222,47361368
297,1.30E+11,CASSIO ANTONIO FERREIRA SOARES,55555,241867270
298,1.30E+11,RAFAEL MARTINS DE SOUZA,55031,26920400
299,1.30E+11,ANTÔNIO DE SOUZA REIS,55550,212005100
300,1.30E+11,MARA REGINA TEIXEIRA GUIMARÃES,55766,61200000
301,1.30E+11,CARLOS RAPHAEL CUSTODIO ROCHA,55538,940860
302,1.30E+11,MARCOS ANTÔNIO DE PAULA,55968,7939894
303,1.30E+11,ADÃO CAETANO DA SILVA,55192,16700000
304,1.30E+11,DANIEL GUEDES SOARES,55235,4090732
305,1.30E+11,CELIA APARECIDA SOARES DE SOUZA,55760,147996500
306,1.30E+11,NACIB DUARTE BECHIR,55789,116300000
307,1.30E+11,BAUER SIQUEIRA,55565,350000000
308,1.30E+11,ADAISSON OSCAR FERREIRA,33001,99150000
309,1.30E+11,EDMAR JOSE GUIMARAES PEDROSO,33756,14900000
310,1.30E+11,JUAREZ FRANCISCO TAVARES,33777,53450000
311,1.30E+11,MAURO CESAR CUSTODIO SANTOS,33871,780000
312,1.30E+11,JOAO BATISTA FERREIRA JUNIOR,33633,33522000
313,1.30E+11,GEDIR CHRISTIAN ROCHA,33133,100100000
314,1.30E+11,GUSTAVO DA CUNHA PEREIRA VALADARES,33333,127131871
315,1.30E+11,IOANNIS KONSTANTINOS GRAMMATIKOPOULOS,33033,135746363
316,1.30E+11,MONICA DE MATOS PEREIRA,33135,17821502938
317,1.30E+11,RODRIGO BRAVIM BRANDAO,33222,21187602
318,1.30E+11,WELLINGTON ALVES DA ROCHA,33122,3140000
319,1.30E+11,JOAO IZAEL QUIRINO COELHO,33022,142396971
320,1.30E+11,JOSE RENATO GOMES,33034,14250000
321,1.30E+11,SEBASTIAO DOS REIS PEDRO DA SILVA,33170,11599500
322,1.30E+11,VICTOR MARTINS DE ASSIS,33000,37500000
323,1.30E+11,WELINTON SANDRO DE ABREU,33456,93071000
324,1.30E+11,CARLOS ALBERTO BRAIGHI JUNIOR,33031,123310600
325,1.30E+11,DANIEL ALBERGARIA MARCOLINO,33340,6600000
326,1.30E+11,ENES CANDIDO DAMACENA JUNIOR,33500,40551962
327,1.30E+11,FERNANDA DE CASTELHA AFONSO,33999,26170766
328,1.30E+11,EDIMAR ALVES DA SILVA,33450,2500000
329,1.30E+11,LEONICE TOLENTINO DE LANES,33789,720000000
330,1.30E+11,REGINALDO COSTA FONSECA,33030,280000000
331,1.30E+11,ADRIANO ROGERIO DOMICIANO,33012,39806600
332,1.30E+11,EUGENIO FERREIRA DOS SANTOS,33676,9800000
333,1.30E+11,ALZIRA RODRIGUES DA SILVA,33230,20000000
334,1.30E+11,ARSENIO BERBERT FERREIRA,33099,73820000
335,1.30E+11,CLEITON XAVIER DA SILVA,3322,39823013
336,1.30E+11,ELTON GERALDO TAVARES,3300,170637199
337,1.30E+11,GASPAR REIS BATISTA DE OLIVEIRA,3320,123861402
338,1.30E+11,WAGNER TEIXEIRA PIRES,3301,720000000
339,1.30E+11,HENRIQUE JOSE DA SILVA SOUZA,3355,4200000
340,1.30E+11,RENAN HENRIQUE DE PAULA,3399,6000000
341,1.30E+11,JANE MARIZA CONDE DE ARAGAO,3343,14464200
342,1.30E+11,LUIZ CARLOS LOURES MARTINS,3303,36500000
343,1.30E+11,HELVIO VIEIRA MAIA,3333,306657663
344,1.30E+11,JOSE MAURICIO CORREIA,3328,100000000
345,1.30E+11,JOSE EDUARDO SIMOES MENDONCA,3338,1398712494
346,1.30E+11,SANDRO DRUMOND MACHADO,3366,8541852
347,1.30E+11,SONIA MARIA DE SOUZA,3310,2000000
348,1.30E+11,MARIA HELENA CORNELIO DA SILVA,3325,2600000
349,1.30E+11,GLAUCO FERREIRA MARCOLINO,3390,28300000
350,1.30E+11,WILSON NOGUEIRA BARBOSA,3380,23200000
351,1.30E+11,SERGIO RODRIGUES GODINHO,3363,30000000
352,1.30E+11,LAFAETE EUZEBIO SIQUEIRA,3335,69786400
353,1.30E+11,ERICK SANTOS NAZARETH,3337,4500000
354,1.30E+11,RENATO PENHA DE OLIVEIRA,3370,16600000000
355,1.30E+11,JACQUELINE CALIXTO BARBOSA DE JESUS,1231,160000000
356,1.30E+11,KÁTIA GERALDA SILVA GOYATA,1233,78052089
357,1.30E+11,RAIMUNDO DE SOUZA ESTEVES,1299,9298400
358,1.30E+11,WILLIAM DE SOUZA JACOB,1202,54898287
359,1.30E+11,ELISETE INÁCIO DOS SANTOS,1207,6000000
360,1.30E+11,LUIZ ALBERTO PIMENTA FELICIO DOS SANTOS,1260,80000000
361,1.30E+11,ALEXANDRE MAGNUS MELO MARTINS,1250,82069897
362,1.30E+11,BRUNO GATTI BAVUZO COELHO PEREIRA,1222,7975000
363,1.30E+11,CARLA VANESSA SERRANO FERREIRA,1211,20900000
364,1.30E+11,DUDA SALABERT ROSA,1212,2670940
365,1.30E+11,EDER JÚNIOR ALVES,1205,63312753
366,1.30E+11,ÉDIO VIEIRA DE SOUZA,1247,350000000
367,1.30E+11,EVÂNIA DE ARAUJO LIMA,1203,1500000
368,1.30E+11,IVAN DE ASSIS SOARES,1244,15935300
369,1.30E+11,JOSÉ GABRIEL VILAS BOAS,1221,1500000
370,1.30E+11,MAERCIO ANTONIO DE OLIVEIRA,1241,26900000
371,1.30E+11,MÁRIO LÚCIO HERINGER,1234,1033568772
372,1.30E+11,NADIR GRACIANO BRANDÃO,1245,10700000
373,1.30E+11,NEUZA APARECIDA FERREIRA ALVES,1255,178500000
374,1.30E+11,ALENCAR MAGALHAES DA SILVEIRA JÚNIOR,12212,819167629
375,1.30E+11,ANDRE LUIZ MARTINS DE PADUA,12122,3200000
376,1.30E+11,ANTONIO GERALDO MENDES MAGALHÃES,12221,50235625
377,1.30E+11,CRISTIANE PEREIRA ANDRÉ DE JESUS,12344,11271100
378,1.30E+11,CLÁUDIA COSTA GUERRA,12123,42324250
379,1.30E+11,CARLOS WELTH PIMENTA DE FIGUEIREDO,12369,403130136
380,1.30E+11,ARACI CRISTINA ARAUJO CARVALHO,12312,15004979
381,1.30E+11,MARCELO HERINGER,12345,1896
382,1.30E+11,PAULA BORGES ALVES,12333,5200000
383,1.30E+11,RILTON RAMOS HILDEBRANDO,12001,54450000
384,1.30E+11,MARCO AURÉLIO FERREIRA ATANÁSIO,12022,55900000
385,1.30E+11,EDER LIMA MOREIRA,12555,441190
386,1.30E+11,EDIRAM RODRIGUES QUARESMA,12812,12480600
387,1.30E+11,GABRIEL LUCAS DA SILVA PEREIRA,12900,4704300
388,1.30E+11,JOAO BATISTA DA SILVA,12013,17300000
389,1.30E+11,JOSÉ CAETANO DE ARAUJO FILHO,12040,1767686
390,1.30E+11,JULIO CESAR PEREIRA,12622,92272388
391,1.30E+11,LEONARDO DO NASCIMENTO RIBEIRO,12318,26800000
392,1.30E+11,LETICIA MIRANDA SANTIAGO DE JESUS,12012,8668598
393,1.30E+11,HELIO HENRIQUE QUEIROZ TEIXEIRA ROSA,12444,660000000
394,1.30E+11,DANILO AMARAL SEBE,12456,7332391
395,1.30E+11,FELIPE CORREIA DE SOUZA PEREIRA GOMES,12412,91226065
396,1.30E+11,FERNANDO DE ALMEIDA SASSARRONI,12300,402100
397,1.30E+11,IGOR GEOVANE VERSIANI LADEIA,12332,33500000
398,1.30E+11,SALMA REGINA GALLATE,12121,78042076
399,1.30E+11,THIAGO FELLIPE MOTTA COTA,12000,139737771
400,1.30E+11,PAULO SALUSTIANO BARU,12445,2745500
401,1.30E+11,WAGNER DE JESUS FERREIRA,12500,6100000
402,1.30E+11,MÁRCIO LUIZ DA SILVA,12666,12102215
403,1.30E+11,LARA LUISA SILVA GOMES FRANCO,12222,12608563
404,1.30E+11,JULIO TAVARES,12700,6560500
405,1.30E+11,DAIANA LEILA DE FARIA,12400,3600000
406,1.30E+11,MARIA APARECIDA CORRÊA BUZETTI,12111,11290314
407,1.30E+11,APOLO HERINGER LISBOA,4344,109179069
408,1.30E+11,EDUARDO DE SOUZA MAIA,4334,35195188
409,1.30E+11,ANA CRISTINA DE LIMA PIMENTEL,1314,44243843
410,1.30E+11,FERNANDO DAMATA PIMENTEL,1355,138626761
411,1.30E+11,PAULO HENRIQUE PAULINO E SILVA,4377,130000000
412,1.30E+11,LUÍS DO NASCIMENTO,1325,450000000
413,1.30E+11,PATRUS ANANIAS DE SOUSA,1333,102519465
414,1.30E+11,CRISTINA DEL PAPA,1317,29538795
415,1.30E+11,GLEIDE ANDRADE DE OLIVEIRA,1311,102233634
416,1.30E+11,JURACI SCHEFFER,1303,27900000
417,1.30E+11,JOSÉ LEONARDO COSTA MONTEIRO,1363,33900000
418,1.30E+11,LINO FRANCISCO DA SILVA,1356,106597276
419,1.30E+11,MANOEL VESPÚCIO DA COSTA VASCONCELOS,1345,1000000
420,1.30E+11,MARCELA MENEZES COSTA,1310,3583000
421,1.30E+11,ANTÔNIO MARCOS COLDIBELLI FRANCISCO,1301,217026772
422,1.30E+11,ODAIR JOSÉ DA CUNHA,1307,67327979
423,1.30E+11,MATEUS GUSTAVO DE GÓIS,1321,26150053
424,1.30E+11,ROGÉRIO CORREIA DE MOURA BAPTISTA,1313,71758200
425,1.30E+11,BARBARA LUCIA PINHEIRO DE OLIVEIRA FRANÇA,1399,165860000
426,1.30E+11,PAULO MARINHO DE OLIVEIRA,1318,60010000
427,1.30E+11,JOSE VENDELINO SANTOS,1308,170009359
428,1.30E+11,JESUS MARIO DE ALMEIDA LIMA,1300,117030186
429,1.30E+11,PAULO JOSÉ CARLOS GUEDES,1378,191896697
430,1.30E+11,GILMAR ALVES MACHADO,1350,37474000
431,1.30E+11,CARLOS ROBERTO RODRIGUES,1330,2200000000
432,1.30E+11,MARIA CECÍLIA FERREIRA DELFINO,1377,6500000
433,1.30E+11,DANDARA TONANTZIN SILVA CASTRO,1334,10392149
434,1.30E+11,ELIANE MOREIRA DE AGUILAR,1344,5417119
435,1.30E+11,ELIANE JOANA SANTIAGO,1323,8777520
436,1.30E+11,NILMARIO DE MIRANDA,1331,58594805
437,1.30E+11,PALOWA MARIA DE ASSIS MENDES E FARIA,1348,33700000
438,1.30E+11,JOÃO CARLOS SIQUEIRA,1315,16513466
439,1.30E+11,REGINALDO LÁZARO DE OLIVEIRA LOPES,1312,65478200
440,1.30E+11,MARIA CECILIA FIGUEIREDO OPIPARI,1322,28305776
441,1.30E+11,CÁSSIA RIBEIRO DE SOUZA,1305,2519600
442,1.30E+11,PAULO AMARAL,1365,19656
443,1.30E+11,ANDERSON ADAUTO PEREIRA,6513,27165190
444,1.30E+11,DEBORA DA COSTA QUEIROZ,6565,9678004
445,1.30E+11,WADSON NATHANIEL RIBEIRO,6510,56347294
446,1.30E+11,GLYCON MOREIRA FRANCO,4343,564962645
447,1.30E+11,JÚLIO CÉSAR DELGADO,4320,125533433
448,1.30E+11,LUCIANO GUILHERME FELIPE LEE,4333,2812200
449,1.30E+11,KENIA RENATA SILVA BORGES,43222,95500000
450,1.30E+11,ADELMO CARNEIRO LEÃO,13220,138976580
451,1.30E+11,CRISTIANO TADEU DA SILVEIRA,13120,78690250
452,1.30E+11,EDILSON PEREIRA NERY,13413,22900000000
453,1.30E+11,IGINO MARCOS DA MATA DE OLIVEIRA,13023,75598333
454,1.30E+11,JUAREZ MOREIRA,13007,34900000
455,1.30E+11,LEONARDO PATRICK SOUZA SILVA,13330,3000000
456,1.30E+11,PATRICIA CARLA DE MELO,13180,16228
457,1.30E+11,MARIA CLAUDIA DA COSTA FRANCO SILVA D ARCADIA DE ANDRADES,13184,10470000
458,1.30E+11,DANDARA FELÍCIA SILVA OLIVEIRA,13777,17800000
459,1.30E+11,EDUARDO PEREIRA DE OLIVEIRA,13134,27100000
460,1.30E+11,ELENILTON MARTINS VIEIRA,13610,247500000
461,1.30E+11,ELISA MARIA COSTA,13680,11902260
462,1.30E+11,LUIZ ROCHA NETO,13444,36920000
463,1.30E+11,MARILENE ALVES DE SOUZA,13456,24452488
464,1.30E+11,SÂMIA MACEDO FERREIRA,13131,7109900
465,1.30E+11,WHELTON PIMENTEL DE FREITAS,13579,4750000
466,1.30E+11,EDSON RODRIGUES GONÇALVES,13300,390000000
467,1.30E+11,ESDRAS JUVENAL DE QUEIROZ,13913,14500000000
468,1.30E+11,ZILDA HELENA DOS SANTOS VIEIRA,13666,4255189
469,1.30E+11,TARCIRLEI MARINIELLO DE BRITO,13222,8000000
470,1.30E+11,SÁVIO JOSÉ DO CARMO SILVA,13013,10252047
471,1.30E+11,ROBERTO VIEIRA DE CARVALHO,13480,590000000
472,1.30E+11,JOÃO BATISTA FERREIRA,13333,340000000
473,1.30E+11,THALES MOURA BRASIL ALEGRO,13999,2700000
474,1.30E+11,ROBERTO CUPOLILLO,13613,65259438
475,1.30E+11,RODRIGO SOUZA LEITE,13555,59659620
476,1.30E+11,ULYSSES GOMES DE OLIVEIRA NETO,13077,41087189
477,1.30E+11,ANDREIA DE JESUS SILVA,13050,6132030
478,1.30E+11,BEATRIZ DA SILVA CERQUEIRA,13123,32356482
479,1.30E+11,CARLOS MAGNO RIBEIRO COSTA,13450,104699600
480,1.30E+11,LUIZ ANTONIO DA SILVA,13125,20713077
481,1.30E+11,MARCELO FELIX ALVES DE ARAÚJO,65456,130000000
482,1.30E+11,VALDIR BATISTA DA SILVA,13266,38300000
483,1.30E+11,RICARDO AUGUSTO DA COSTA CAMPOS,13789,64600000
484,1.30E+11,JOSÉ LUCILO DA SILVA JÚLIO,13128,63236358
485,1.30E+11,ADRIANA CRISTINA ARAÚJO,13900,47263767
486,1.30E+11,JOSÉ CÉLIO DE ALVARENGA,65112,36640147
487,1.30E+11,HEBERT LEVI PEREIRA NUNES,65789,2300000
488,1.30E+11,MARIA DO SOCORRO JÔ MORAES,65656,22075871
489,1.30E+11,TIAGO SANTANA CASSIANO,65653,79947798
490,1.30E+11,VALÉRIA PERES MORATO GONÇALVES,65123,4872285
491,1.30E+11,ALBERTO PINTO COELHO NETO,43111,124248623
492,1.30E+11,CARLOS ROBERTO BATISTA,43777,150000000
493,1.30E+11,CAROLINNE MARTINS ALMEIDA BERNARDELI,43210,376336
494,1.30E+11,CLEITON DE OLIVEIRA,43700,1800000
495,1.30E+11,FERNANDO PACHECO FIALHO,43123,35025163
496,1.30E+11,LOHANNA SOUZA FRANÇA MOREIRA DE OLIVEIRA,43500,24100000
497,1.30E+11,HELY TARQÜÍNIO,43120,143370906
498,1.30E+11,INÁCIO FRANCO,43000,2864531687
499,1.30E+11,IRIS MARIA DA COSTA AMÂNCIO KAMWA,43888,23648295
500,1.30E+11,MÁRIO HENRIQUE DA SILVA,43333,177562923
501,1.30E+11,SILVANEI BATISTA SANTOS,43789,18782181
502,1.30E+11,SILVIA DA CRUZ MESSIAS,43456,15920130
503,1.30E+11,ADRIANA CRISTINA FABIANO DE SOUZA,13000,2909600
504,1.30E+11,ALEXANDRE DE FARIA MARTINS DA COSTA,13500,13616582
505,1.30E+11,FERNANDO VINICIUS AMARAL FERNANDES,13513,5650000
506,1.30E+11,GIL SANTOS SILVA,13034,31725985
507,1.30E+11,JEAN MARK FREIRE SILVA,13100,85706596
508,1.30E+11,LUANA DE LIMA SOUZA,13313,310000000
509,1.30E+11,LUIZA BORGES DULCI,13113,40485290
510,1.30E+11,MACAÉ MARIA EVARISTO DOS SANTOS,13130,4000000
511,1.30E+11,MARCOS JOSERALDO LEMOS,13139,174200000
512,1.30E+11,MARIA TEREZA DE ANDRADE,13275,16500000
513,1.30E+11,DIMAS ANTÔNIO DE SOUZA,13400,530000000
514,1.30E+11,EDINALDO SOARES DE SOUZA,13111,17855643
515,1.30E+11,FRANCISCO DE ASSIS SIMÕES THOMAZ,13654,243314477
516,1.30E+11,PAULO ROBERTO VELOSO,13121,45500560
517,1.30E+11,ELIAS DOS REIS DE LIMA,90831,97880000
518,1.30E+11,CLAUDINEY BARBOSA MERES,90456,41548766
519,1.30E+11,ROMARIO GERSON GALDINO,90555,22216400
520,1.30E+11,JOSE SOUZA MEIRELES,90047,19100000
521,1.30E+11,JOSE DO CARMO DA SILVA,90567,1200000
522,1.30E+11,ILEUZA AIRES DE SOUZA FELIPE,90033,290000000
523,1.30E+11,NEUZA REIS DE OLIVEIRA,90060,20000000
524,1.30E+11,LEANDRO HENRIQUE BATISTA ALMEIDA,90777,58799800
525,1.30E+11,KLEBER EDUARDO DE SOUSA REZENDE,90123,125747881
526,1.30E+11,DANIEL SERGIO DE JESUS,90444,48409864
527,1.30E+11,LUIZ ANTONIO DE SOUZA,90077,14386599
528,1.30E+11,RONALDO GOMES DE ANDRADE,90147,612294100
529,1.30E+11,BRAZ PAULO DE OLIVEIRA JUNIOR,90000,908282
530,1.30E+11,FABIO DIAS QUEIROZ ZAVITOSKI,90800,837189
531,1.30E+11,FERNANDO MESSIAS DOS REIS,90678,19800000
532,1.30E+11,ADENILDO SANTOS DA SILVA,90345,2705000
533,1.30E+11,GILSON MARTINS DE MELO,90190,45400000
534,1.30E+11,JACKSON GUÊRIDHE SANTOS DO VALE,90888,43700000
535,1.30E+11,VITORNELIO EZEQUIEL DE SOUZA,90789,143935566
536,1.30E+11,RENATO EUDES BENTO,90110,3205100
537,1.30E+11,JUDITH COELHO DOS SANTOS,90557,970000000
538,1.30E+11,KAIQUE NASCIMENTO SANT ANNA,90300,35848
539,1.30E+11,MÁRIO INÁCIO JÚNIOR,90007,48510000
540,1.30E+11,DENILSON ELIAS SILVA DE OLIVEIRA,90321,47038000
541,1.30E+11,ELIAS DA SILVA CUNHA,90220,27800000
542,1.30E+11,JOSÉ ANTÔNIO DA SILVA,90950,120000000
543,1.30E+11,SUELI XAVIER DAS FLORES GOMES,90009,7027000
544,1.30E+11,WALTER MARINHO DOS SANTOS,90113,16126200
545,1.30E+11,WILLIAN DE OLIVEIRA BRAGA,90090,45898436
546,1.30E+11,ELISMAR FERNANDES PRADO,90900,136465530
547,1.30E+11,GUSTAVO DAMASIO DA SILVA PEREIRA,90222,7701610
548,1.30E+11,RAMSÉS MACIEL DE CASTRO,90100,199350000
549,1.30E+11,MÁRCIO HENRIQUE NOGUEIRA JORDÃO,9035,457400000
550,1.30E+11,MOAMED RACHID GARIFF NOLETO DE QUEIROZ,9099,21722081
551,1.30E+11,RICARDO GONÇALVES CAMPOS,9034,253766780
552,1.30E+11,RONALDO DORNELAS,9013,10212200
553,1.30E+11,WELITON FERNANDES PRADO,9090,221231496
554,1.30E+11,JACQUELINE MARIA VERDE DE OLIVEIRA,9045,1932700
555,1.30E+11,ALCINDOR RIBEIRO DAMASCENO,9007,3158000
556,1.30E+11,ALYSSON FELIPE ALVES GOMES,9038,16111324
557,1.30E+11,CARLOS ALBERTO MONTEIRO,9008,500
558,1.30E+11,DALTO UMBERTO RODRIGUES,9078,5370000
559,1.30E+11,EDER AUGUSTO COSTA,9009,38050000
560,1.30E+11,EDIVALDO MACHADO,9033,1760000
561,1.30E+11,ELOÍSA RODRIGUES DA CUNHA,9012,2100000
562,1.30E+11,GLAUSIANO SILVA DUARTE,9015,2258898
563,1.30E+11,GLAYSON MATIAS BARBOSA,9010,52639772
564,1.30E+11,GUILHERME AUGUSTO MARTINS,9022,11139635
565,1.30E+11,LUIZ CLÁUDIO RIBEIRO,9044,1046411
566,1.30E+11,MARIA STELLA DE CARVALHO,9055,16756075
567,1.30E+11,MARILDA MACIEL PASSOS,9005,3800500
568,1.30E+11,BETHANIA REIS DE SOUZA GRACIOLI,9030,290000000
569,1.30E+11,ADRIANA MARRA DE PAULA,9070,9996249
570,1.30E+11,ARNALDO GONTIJO DE FREITAS,9000,19104700
571,1.30E+11,DEVAND ANDRADE PEREIRA,9080,98200000
572,1.30E+11,EMILY LISLEY DA SILVA,9096,1700000
573,1.30E+11,FÁBIO PEREIRA DA SILVA,9031,25242000
574,1.30E+11,JACQUELINE LUCY DOS SANTOS,9091,12500000
575,1.30E+11,JOÃO BATISTA DE OLIVEIRA,9040,25008034
576,1.30E+11,JOSÉ CARLOS DE SOUZA,9006,320000000
577,1.30E+11,JOSÉ ROBERTO DE OLIVEIRA,9023,118726964
578,1.30E+11,LINDOLFO ALVES DE CARVALHO NETO,9097,157450000
579,1.30E+11,LINDOMAR LISANDRO DE FREITAS,9069,6504179
580,1.30E+11,POLYANE SILVA MELO,9094,23200000
581,1.30E+11,PRISCILA SILVA MACHADO COELHO,9072,150000000
582,1.30E+11,RANDOLFO JOSE BARBOSA,9047,5000000
583,1.30E+11,WANDERSON SILVA GANDRA,9050,190021675
584,1.30E+11,DOUGLAS MIKE KENNEDY NASCIMENTO,9032,1015000
585,1.30E+11,DIONISIO JOSE MACHADO BRITO,4404,221949662
586,1.30E+11,ÁLVARO DAMIÃO VIEIRA DA PAZ,4400,66887774
587,1.30E+11,RAFAEL TADEU SIMÕES,4445,345756140
588,1.30E+11,RODRIGO BATISTA DE CASTRO,4450,240259642
589,1.30E+11,SEBASTIÃO FERRARI NOÉ,4422,385361641
590,1.30E+11,CLEUSA BERNADETH LARA CORREA,4499,93682284
591,1.30E+11,DANIEL DINIZ FRANÇA,4485,187220000
592,1.30E+11,DANIEL OLIVEIRA DA SILVA,4417,10200000000
593,1.30E+11,IVAN ATAIDE ALVES PEREIRA,4490,1000000
594,1.30E+11,LAURO EUSTÁQUIO GUIRLANDA DE MOURA,4405,81200000
595,1.30E+11,LEONARDO GOMES GIRUNDI,4411,11700000
596,1.30E+11,LEONARDO SILVEIRA DE CASTRO PIRES,4455,28703897
597,1.30E+11,LUCAS DE PAULA ALMEIDA,4406,16500000
598,1.30E+11,LUIZ CARLOS BITTENCOURT,4432,122772826
599,1.30E+11,PATRÍCIA FARIA MORAES DE ARAUJO GONÇALVES,4478,24915420
600,1.30E+11,PAULO CESAR SANTOS NEVES,4443,17400000000
601,1.30E+11,RITA DE CÁSSIA SOUZA CARVALHO,4456,15600000000
602,1.30E+11,VIVIANE GOMES DE MATOS,4423,19009042
603,1.30E+11,WASHINGTON MODESTO GONTIJO JUNIOR,4480,4700000
604,1.30E+11,ALEXSANDRO ROSA DA COSTA,4460,6300000
605,1.30E+11,EDMAR WASHINGTON XAVIER PEREIRA,4401,60000000
606,1.30E+11,GABRIEL FERRÃO PEDROSO E SOUZA,4446,45024321
607,1.30E+11,GABRIELA CESCHIM PRATTI,4402,47811564
608,1.30E+11,GERALDO SEBASTIÃO MAGELA DIAS,4469,123507513
609,1.30E+11,ISÁ BATISTA DE SOUZA,4414,11363934
610,1.30E+11,JOSE ANTONIO DE ALMEIDA,4421,17800000000
611,1.30E+11,JOSÉ EDUARDO COELHO BRANCO JUNQUEIRA FERRAZ,4477,337691500
612,1.30E+11,JOSE EUSTAQUIO RODRIGUES ALVES,4466,491976333
613,1.30E+11,MARCELO EDUARDO FREITAS,4444,48667525
614,1.30E+11,MAURO LUIZ DA SILVA VERÍSSIMO,4430,90000000
615,1.30E+11,MIRILANE LICAZALI CAETANO,4470,15005300
616,1.30E+11,OSMANDO PEREIRA DA SILVA,4468,100518068
617,1.30E+11,SUELI LEMES DE SOUZA,4415,1400000
618,1.30E+11,GLAUBER HENRIQUE PEREIRA DE PAIVA,4431,130300000
619,1.30E+11,GEOVANE CARDOSO CORREIA,4403,40000000
620,1.30E+11,ANDRE HUSEMANN PATTI,44777,1400000000
621,1.30E+11,ADILSON DE OLIVEIRA,44334,6000000
622,1.30E+11,ANA MARIA FERNANDES RIBEIRO,44901,16800000
623,1.30E+11,ANTONIO SANTOS DE AGUIAR,44200,58961048
624,1.30E+11,ARNALDO SILVA JÚNIOR,44444,258317091
625,1.30E+11,CAIRO MONTEIRO PEREIRA,44560,25300000
626,1.30E+11,CARMEN LYDIA JUNQUEIRA PULITI MEIRELLES,44043,82840613
627,1.30E+11,CLOVIS GUERHARDT,44690,53269360
628,1.30E+11,DANILO MENDES RODRIGUES,44555,15020441
629,1.30E+11,DARLENE DE FÁTIMA BRAGA PALMA,44395,19945501
630,1.30E+11,DENER PACHECO DUARTE,44600,120000000
631,1.30E+11,DEYVSON DE NAZARETH RIBEIRO,44456,820000000
632,1.30E+11,MARIA VANUZIA MENDES SANTOS,44994,2500000000
633,1.30E+11,CLESIO SANTOS DE OLIVEIRA,44005,24700000
634,1.30E+11,EDSON GOMES PARAGUAI,44400,180000000
635,1.30E+11,EDUARDO MAGNO MARCELINO,44122,77100000
636,1.30E+11,EVANDRO SARUBBI MENDES,44567,470000000
637,1.30E+11,GENDRA ILIADA SARLAS PINTO MAGALHÃES,44990,164248635
638,1.30E+11,GERSON FERREIRA VARELLA NETO,44500,450000000
639,1.30E+11,CASSIO CORREA DE MATOS,44789,43500000
640,1.30E+11,CLAUDIO MATOZINHOS PEREIRA,44435,56200000
641,1.30E+11,STEVE ALVES BARBOSA,44250,350000
642,1.30E+11,STEFANIO RODRIGUES PIRES,44455,27109743
643,1.30E+11,HELI GERALDO DE ANDRADE,44190,63426421
644,1.30E+11,RODRIGO APARECIDO LOPES,44123,38524962
645,1.30E+11,ROBSON PAULO DINIZ,44410,2000000
646,1.30E+11,ROMULO SILVA RODRIGUES,44111,140000000
647,1.30E+11,THIAGO FERNANDES MENDES DA SILVA,44044,81926036
648,1.30E+11,ZENÓBIO CARVALHO DE MACEDO,44553,685250000
649,1.30E+11,SAMUEL SANTOS ROMANO,44007,21235413
650,1.30E+11,PEDRO ALENCAR AZEVEDO,44762,300000
651,1.30E+11,NESTOR RODRIGUES DA SILVA NETO,44345,20587500
652,1.30E+11,JARDEL MOIA MONTEIRO,44357,3490000
653,1.30E+11,IONE MARIA PINHEIRO,44141,216295263
654,1.30E+11,JACQUELINE BELICO DE MENEZES,44001,400000
655,1.30E+11,LILIA PERPÉTUA SIERVULI ARAUJO,44433,5000000
656,1.30E+11,MARCELO LUIZ DE ARAUJO,44350,10000000
657,1.30E+11,MARCO ANTONIO CIPRIANO RODRIGUES,44022,64100000
658,1.30E+11,MARCOS LEONARDO CONDÉ,44144,356652052
659,1.30E+11,JERUSA DRUMMOND BRANDÃO,44888,6000000
660,1.30E+11,GUSTAVO BRACKS DA MATA,44544,50000000
661,1.30E+11,ALEXIS RANGEL DE MATOS,44055,6100000
662,1.30E+11,LAUDILY MOURA DE JESUS,44688,10000000
663,1.30E+11,ANDRE LUIS GASPAR JANONES,7040,29378709
664,1.30E+11,CARLOS ALBERTO DE MELLO,1456,28057524
665,1.30E+11,PAULO SÉRGIO ÁVILA SANTOS,1433,130000000
666,1.30E+11,RENATO PINTO CARTAFINA,1414,92783699
667,1.30E+11,SÉRGIO AMERICANO MENDES,1477,292727600
668,1.30E+11,JOÃO EDSON RIBEIRO GIRÃO,1494,122034500
669,1.30E+11,JOSENI AGANETTI DUARTE,1421,103500000
670,1.30E+11,JUNIO CESAR MIRANDA,1466,7700000
671,1.30E+11,LEONARDO SANTOS FERREIRA,1441,5000000
672,1.30E+11,LUCIANA MIRANDA BRITO ALEIXO,1445,90000000
673,1.30E+11,LUCIO CAMPOS SILVA,1461,119500000
674,1.30E+11,MAGALHÃES RAMOS MACHADO,1463,8800000
675,1.30E+11,LUIZ ANTÔNIO DOS SANTOS,1411,350000000
676,1.30E+11,MÁRCIO EMÍDIO MARANGON,1499,11500000
677,1.30E+11,MARIA APARECIDA DE OLIVEIRA SILVA,1473,2000000
678,1.30E+11,WILSON ISSÃO KORESSAWA,1457,281318554
679,1.30E+11,BRAULIO JOSE TANUS BRAZ,1444,2652454080
680,1.30E+11,ANDERSON CARLOS DE OLIVEIRA,1452,30000000
681,1.30E+11,JADER FIGUEIREDO,1410,40000000
682,1.30E+11,JEFERSON LEITE,1490,670000000
683,1.30E+11,JOSÉ MARIA AMORIM DA SILVA,1412,20500000
684,1.30E+11,ANTÔNIO CARLOS DE SOUZA,1408,10200000000
685,1.30E+11,ARMANDO MATTIELLO,1495,8533957
686,1.30E+11,CRÉSIO VIEIRA CAMPOS,1460,275443475
687,1.30E+11,FRANCISNALDO CARLOS PIMENTA,1431,82700000
688,1.30E+11,JOSÉ CARLOS DA SILVA ROSA,1451,750000000
689,1.30E+11,EDMILSON DE OLIVEIRA PEREIRA,1416,5900000
690,1.30E+11,JOÃO PAULO FELIZARDO,1455,9599710
691,1.30E+11,MAYARA SHIGUEKI ROSSI,1430,9000000
692,1.30E+11,OIDES RODRIGUES SILVA JÚNIOR,1425,29334035
693,1.30E+11,ALTAMIRO ALVES DA SILVA,142,10800000000
694,1.30E+11,JULIO PASSOS DE FARIA,142,7000000
695,1.30E+11,LEONARDO SOLTZ,142,43092285
696,1.30E+11,ALOISIO PAULO FERREIRA,2243,7820519
697,1.30E+11,CÉLIA DAS VIRGENS,2214,90500000000
698,1.30E+11,CLAYTON MARIANO DE ALMEIDA,2220,110000000
699,1.30E+11,DALMO DE ASSIS PEREIRA,2280,70200000
700,1.30E+11,EDUARDO SANTOS GUIMARÃES,2203,3000000
701,1.30E+11,EMIR MARZANO RIBEIRO,2251,17600000000
702,1.30E+11,ERIKA CRISTINA LOPES,2227,647730
703,1.30E+11,EROS FERREIRA BIONDINI,2277,140762365
704,1.30E+11,FARLEY FREDERICO DE OLIVEIRA SOUZA,2223,1500000
705,1.30E+11,GERALDO JUNIO DO AMARAL,2238,58173300
706,1.30E+11,JULIO CEZAR ALMEIDA HENRIQUES,2291,7300000
707,1.30E+11,ANTÔNIO FRANCISCO DE OLIVEIRA FILHO,2255,30300000
708,1.30E+11,GESINEY CAMPOS MOURA,2256,228946200
709,1.30E+11,GUSTAVO ADJUTO MARTINS CARNEIRO,2288,10929400
710,1.30E+11,JOSÉ CARVALHO ALVIM,2226,50000000
711,1.30E+11,JOSÉ VITOR DE RESENDE AGUIAR,2200,81600000
712,1.30E+11,KEMPES FERREIRA LIMA,2266,260000000
713,1.30E+11,LINCOLN DINIZ PORTELA,2233,163808942
714,1.30E+11,LUIZ CARLOS DE SIQUEIRA,2207,244813682
715,1.30E+11,MARCILENE SILVA DE JESUS,2221,2589745
716,1.30E+11,LUCIANA OLIVEIRA DA SILVEIRA,2225,48781302
717,1.30E+11,NIKOLAS FERREIRA DE OLIVEIRA,2222,3682046
718,1.30E+11,OTACÍLIO RICARDO GONÇALVES DE MIRANDA,2261,4428
719,1.30E+11,ZAQUEU RODRIGUES EVANGELISTA,2281,11400000
720,1.30E+11,WELESSON GONÇALVES DE ANDRADE OLIVEIRA,2201,5034500
721,1.30E+11,SOLANGE MOREIRA DE JESUS,2206,27500000
722,1.30E+11,ALESSANDRO AUGUSTO DA SILVA,2218,94300000
723,1.30E+11,ALFREDO JOSE LEITE GUIMARÃES,2250,510000000
724,1.30E+11,ANDRE LUIS FRANCELI CONSENTINI,2228,7706937
725,1.30E+11,ANELENA MORETTO SALOMÃO,2212,74276340
726,1.30E+11,DENISE COUTINHO DE MELO NASCIMENTO,2270,7000000
727,1.30E+11,DOMINGOS SÁVIO CAMPOS RESENDE,2260,246920493
728,1.30E+11,ELLEN MIZIARA SOUSA FERREIRA,2230,950134
729,1.30E+11,EMIDIO ALVES MADEIRA JUNIOR,2240,38406396
730,1.30E+11,MÁRCIO SALVADOR DE OLIVEIRA,2258,96320000
731,1.30E+11,MARLON LINO DA CRUZ,2289,1000000
732,1.30E+11,MAURICIO LUIZ DE SOUZA,2210,30500000
733,1.30E+11,SAMUEL JOSÉ RODRIGUES DE VIANA,2244,28987304
734,1.30E+11,ROSÂNGELA DE OLIVEIRA CAMPOS REIS,2215,120423847
735,1.30E+11,WALTER DA ROCHA TOSTA,2234,126093152
736,1.30E+11,JUNIA FELIX DA SILVA,2232,140000000
737,1.30E+11,LEONARDO SATLER GONÇALVES MOL,2290,402355616
738,1.30E+11,MARCELO HENRIQUE TEIXEIRA DIAS,2217,119665960
739,1.30E+11,ANTONIO CARLOS DA COSTA JUNIOR,27297,41200000
740,1.30E+11,AURELIO SUENES DE RESENDE,27090,122081789
741,1.30E+11,CLAUDIO COSME PEREIRA DE SOUZA,27345,103373025
742,1.30E+11,DIRCEU DOS SANTOS RIBEIRO,27111,51600000000
743,1.30E+11,EDRIANO JOSÉ PASSARINI,27033,57052769
744,1.30E+11,EMMANUEL ROBSON GOMES,27500,50500000
745,1.30E+11,ELIANE PEREIRA DOS SANTOS SILVA,27446,170000000
746,1.30E+11,ENIO MARCELO GONÇALVES DE SOUZA,27122,1941900
747,1.30E+11,FLAVIO PIMENTA SILVEIRA,27777,188063056
748,1.30E+11,FREDERICO LUCAS MEIRELES ASSUNCAO,27190,67100000
749,1.30E+11,GABRIEL ELIAS SASSERON,27108,32600000000
750,1.30E+11,RICARDO JULIO FERNANDES,27137,9144800
751,1.30E+11,JUNIA DA SILVA AMARAL,27017,2000000
752,1.30E+11,RENATA GUIDUCCI,27628,2000000
753,1.30E+11,GILMAR JUSTINO RIBEIRO,27010,640000000
754,1.30E+11,ALDEMIR LEAL DA SILVA,27454,450000000
755,1.30E+11,ALESSANDRO SILVA TOMAZ,27700,16300000
756,1.30E+11,ALEXSSANDER MACHADO FONTOURA VIEIRA,27443,150000000
757,1.30E+11,ANDERSON CARLOS DA SILVA,27001,13050000
758,1.30E+11,ANDERSON LIMA DA SILVA,27999,62440740
759,1.30E+11,PATRICIA BARBOSA SILVA,27277,13300000
760,1.30E+11,RONALDO CESAR VILELA TANNUS,27000,7730127
761,1.30E+11,RONALDO FERREIRA DE ALMEIDA,27101,14483400
762,1.30E+11,SAMIR AUGUSTO JACOB,27027,27554558
763,1.30E+11,HILDORVAL MARTINS DE OLIVEIRA JUNIOR,27456,28334487
764,1.30E+11,GUILHERME DE CASTRO COUTO SANTOS,27800,19479910
765,1.30E+11,ELIANA AUXILIADORA XAVIER,27567,20000000
766,1.30E+11,WALDINEI CHICARELI DE ANDRADE,27123,439453000
767,1.30E+11,TIBURCIO ISAIAS DOS SANTOS,27230,4000000
768,1.30E+11,JOSE ARLENIO VENEZIANO,27077,8679100
769,1.30E+11,MARIA CLARA MATOS MARRA,27100,4000000
770,1.30E+11,REIMAR RODRIGUES ALVARENGA,27222,2400000
771,1.30E+11,RODRIGO LEONARDO MOREIRA,27333,470000000
772,1.30E+11,HELOYR LIVINGSTONE BARREIROS FORTUNATO,27321,34288547
773,1.30E+11,MICAELA APARECIDA DE OLIVEIRA,27102,600000
774,1.30E+11,NORTON PEREIRA DE JESUS,27025,150000000
775,1.30E+11,ANTONIO LUIZ DOS SANTOS,27400,1000000
776,1.30E+11,WELLINGTON DA COSTA LEOPOLDINO,27300,18864955
777,1.30E+11,WEBERSON APARECIDO ESTEVAO SILVA,27177,18800000
778,1.30E+11,JOÃO FERNANDO DE SOUZA,27555,87318468
779,1.30E+11,ROGERIO RODRIGUES DA SILVA,27900,100000000
780,1.30E+11,MARIA DE LOURDES SILVA,27103,180000000
781,1.30E+11,ROBERTA CARNEIRO FONTES DOS SANTOS,2888,240000000
782,1.30E+11,MARCIO CABRAL,2855,6000000
783,1.30E+11,SEBASTIÃO CESAR GRAZZIA DA SILVA,2899,2000000
784,1.30E+11,MARIA JOSÉ TAVARES DA SILVA,2802,240000000
785,1.30E+11,VILMAR DE SOUSA E SILVA,2812,4500000
786,1.30E+11,MURILLO EVANDRO DE ANDRADE,2828,10400000
787,1.30E+11,CRISTIANE ANDRADE COUTINHO LIMA,2808,53374488
788,1.30E+11,EDMUR CARLOS DOS SANTOS GONÇALVES,2866,29690612
789,1.30E+11,JOSMAR MOREIRA BARBOSA,2882,40060000
790,1.30E+11,ADEMIR AFONSO RIBEIRO LEAL,2878,410000000
791,1.30E+11,ALMIR MEDINA DOS SANTOS,2823,4000000
792,1.30E+11,BRUNO DE SOUZA CARDOZO ACHILLES,2807,61350000
793,1.30E+11,CLEBIANO GONÇALVES DE OLIVEIRA,2880,21600000
794,1.30E+11,FRANCISCO CLÁUDIO FERREIRA,2844,2000000
795,1.30E+11,FRANCISCO HUMBERTO DE FREITAS AZEVEDO,2822,216423485
796,1.30E+11,GEDAIAS GOMES BRANDÃO,2898,1000000
797,1.30E+11,JAQUELINE DE ANDRADE LOPES,2814,1400000
798,1.30E+11,JEFFERSON CRISTOVÃO DA SILVA,2810,7150000
799,1.30E+11,JOB VICENTE RODRIGUES,2803,300000
800,1.30E+11,KARINA DA SILVA FICHE ALMEIDA,2811,1500000
801,1.30E+11,LEONOR SOARES MOTA,2829,114700000
802,1.30E+11,PAULO HENRIQUE ADRIANO,2881,10600000
803,1.30E+11,LUIZ CARLOS CABREIRA BANDEIRA,28333,450000
804,1.30E+11,CARLOS ROBERTO FERNANDES LEÃO,28200,41200000
805,1.30E+11,FLAVINEI LUCIANO MENDES,28067,12500000
806,1.30E+11,EVALDO CARLOS DOS SANTOS,28158,10000000
807,1.30E+11,DELANO SANTIAGO PACHECO,28123,820000000
808,1.30E+11,RICARDO DIAS DOS ANJOS,28311,1000000
809,1.30E+11,RENATA DE OLIVEIRA SOARES,28007,180000000
810,1.30E+11,NEIVALDO DE PAULA CAMARGOS,28777,450000000
811,1.30E+11,MOISES CARLOS DA SILVA,28330,6400000
812,1.30E+11,MILSON TEIXEIRA SANTANA,28077,1000000
813,1.30E+11,LUCÉLIA OLIVEIRA ABREU,28444,130000000
814,1.30E+11,GERALDO EUSTAQUIO DE CARVALHO,28133,250000000
815,1.30E+11,DIJALMA CELESTINO DOS SANTOS ANDRADE,28567,10000000
816,1.30E+11,CLÁUDIA APARECIDA ROCHA,28666,220000000
817,1.30E+11,AUREO RODRIGUES MOREIRA JUNIOR,28000,88500000
818,1.30E+11,AMIRTON FERNANDES FERREIRA,28787,470000000
819,1.30E+11,KELMAN SOARES ROCHA,28800,250000000
820,1.30E+11,LAURO RODRIGUES BELCHIOR,28022,29900000
821,1.30E+11,EVALDO RAMOS DE OLIVEIRA,28028,46035114
822,1.30E+11,GUSTAVO VINICIUS SILVEIRA DE PAULA,7710,120000000
823,1.30E+11,GILSON LIBOREIRO DA SILVA,7780,319190000
824,1.30E+11,LAIZ SOARES,7700,2621761
825,1.30E+11,DEBORAH RUBIANA DE SOUZA,7778,24800000
826,1.30E+11,ALAN FERNANDES ROCHA,7767,40828200
827,1.30E+11,PAULA APARECIDA CAETANO TOMAS,7712,17300000000
828,1.30E+11,PAULO CÉSAR ALVES ROCHA,7707,33887712
829,1.30E+11,ADEMIR CAMILO PRATES RODRIGUES,7731,180577183
830,1.30E+11,FLORECI LAURENÇO DE SOUZA,7745,53550000
831,1.30E+11,ADRIANO BATISTA DE MORAES,7701,15500000
832,1.30E+11,COSME DE ALMEIDA OLIVEIRA,7722,170000000
833,1.30E+11,RICARDO DA FONSECA TAMES ZAMBRANA,7733,189646270
834,1.30E+11,CELSO JOSE DOS SANTOS,7717,162850000
835,1.30E+11,RICARDO LUIZ DE OLIVEIRA,7790,9090000
836,1.30E+11,RONI SCHAPER FRANCO,7730,30080000
837,1.30E+11,SANDRO LUCIO GONÇALVES,7744,21300000000
838,1.30E+11,ERIKA RIBEIRO DA SILVA,7713,31800000
839,1.30E+11,DARIÊ CATTANI DIAS,7720,4500000
840,1.30E+11,NEILA SIMONE DA SILVA SCHINEIDER,7741,7000000
841,1.30E+11,STEFANO BARRA GAZZOLA,7788,159473500
842,1.30E+11,JOSÉ SILVA SOARES,7777,40000000
843,1.30E+11,FABIANO FERREIRA DURÃES,7789,50000000
844,1.30E+11,ROBERTO ALVES CORDEIRO,7798,37386734
845,1.30E+11,WANDERLEY BRAZ RODRIGUES,7702,1699000
846,1.30E+11,ALESSANDRO FERREIRA AMARAL,77310,5000000
847,1.30E+11,RAMÚCIO PEDRO COELHO,77789,5100000
848,1.30E+11,RICARDO PEREIRA BORGES,77666,68900000
849,1.30E+11,FABIO RUZ BORGES,77677,1100000000
850,1.30E+11,EMERSON ALEX SIQUEIRA DOS ANJOS RIBEIRO,77678,8800000
851,1.30E+11,ANA CAROLINE DA CRUZ,77711,1800000
852,1.30E+11,MATHEUS RODRIGUES DE CARVALHO,77022,9400000
853,1.30E+11,RENATA ROSANE KISTER,77233,17200000
854,1.30E+11,CARLOS LUCIO FERREIRA,77778,330000000
855,1.30E+11,BARBARA KATHARINE SOARES DOS SANTOS,77001,722000
856,1.30E+11,GISLENE DE CASSIA PINTO,77066,43100000
857,1.30E+11,CARLOS ALBERTO ALVES PEREIRA,77077,121669476
858,1.30E+11,ALESSANDRA APARECIDA VILAÇA,77099,120000000
859,1.30E+11,FLAVIA DE OLIVEIRA GONTIJO,77122,220000
860,1.30E+11,MARCO ANTÔNIO DE FREITAS,77123,74839994
861,1.30E+11,NIXON JOSE PEREIRA BAHIA,77222,8300000
862,1.30E+11,FABRICIO PAULA DE ASSUNÇÃO,77999,419074603
863,1.30E+11,GISELLE VAZ COSTA,77983,7525500
864,1.30E+11,EDMAR FAUSTO RIBEIRO,77130,4150000
865,1.30E+11,ADEMIR ANGELINO,77200,19186500
866,1.30E+11,WENDEL CRISTIANO SOARES DE MESQUITA,77777,127084305
867,1.30E+11,KATIA CILENE FERREIRA DA SILVA,77866,60000000
868,1.30E+11,ELIZEU SILVA CORDEIRO,77007,20000000
869,1.30E+11,JOÃO EVANGELISTA PEREIRA DE SOUZA,77253,800000
870,1.30E+11,FRANCELLE DE JESUS GOMES COUTO,77422,2000000
871,1.30E+11,EDSON JERONIMO JUNIOR,77000,1300000
872,1.30E+11,DAKSON RODRIGUES ARAUJO,77107,7000000
873,1.30E+11,MOISES DOS SANTOS LIMA,77188,18800000
874,1.30E+11,CARLA PRADO SILVA,77277,3300932
875,1.30E+11,THIAGO MARTINS RODRIGUES,77456,75500000
876,1.30E+11,GERALDO DE CASTRO SOUZA,77555,20000000
877,1.30E+11,LUCIANO FIETTO NASCIMENTO,77165,1950000
878,1.30E+11,JONATAS LUCIANO FERREIRA,77321,5750000
879,1.30E+11,ROBERTO LUIZ FERRARI,77345,40100000000
880,1.30E+11,PEDRO CESAR GOMES DE SOUZA,77500,280000000
881,1.30E+11,JADEM MAXIMILIANO MARTINS,77654,59941300
882,1.30E+11,MAURICIO DA PAIXÃO MAIA,77700,60000000
883,1.30E+11,WEMERSON MENDES CARNEIRO,77444,18898700
884,1.30E+11,FABIANO MOREIRA DA SILVA,40456,70358499
885,1.30E+11,NILDA PEREIRA SOUZA MARTINS,40111,10000000
886,1.30E+11,GUSTAVO MARQUES CARVALHO MITRE,40123,120049752
887,1.30E+11,JOSÉ PEDRO CORDEIRO,40555,72800000
888,1.30E+11,SANDRA MARA FONSECA,40033,4100608
889,1.30E+11,ROBSON AUGUSTO FERREIRA DE FARIA,40318,1000000
890,1.30E+11,CARLOS MAGNO DE MOURA SOARES,40065,10000000
891,1.30E+11,ANDRÉIA RENATA BRITO DE SOUZA SIMÕES,40013,4550100
892,1.30E+11,KATIA GOMES GAIVOTO,40000,52700000
893,1.30E+11,HITLER VAGNER CANDIDO DE OLIVEIRA,40369,30558639
894,1.30E+11,LUCIANO BARBOSA VIANA,40500,2154400
895,1.30E+11,DILMA APARECIDA DE OLIVEIRA,40999,180763743
896,1.30E+11,LAZARO SOARES DOS SANTOS,40345,600000
897,1.30E+11,VINICIUS ANDRADE MARTINS,40444,70773864
898,1.30E+11,AILTO DE MORAES CAVALCANTE,40040,15550000
899,1.30E+11,LAIS APARECIDA DA CRUZ,40800,5800000
900,1.30E+11,GERALDO ROQUE DA SILVA,40466,13074500
901,1.30E+11,BERNARDO MUCIDA OLIVEIRA,40900,67204036
902,1.30E+11,NEILANDO ALVES PIMENTA,40789,184644987
903,1.30E+11,GILSON CAMILO BRAGANÇA,40777,170536100
904,1.30E+11,MARIA GORETE RODRIGUES DE OLIVEIRA PAULA,40190,2800000
905,1.30E+11,LAURA LUIZA COSTA,4071,3249500
906,1.30E+11,MARDELENE CEZAR RODRIGUES DE JESUS,4013,350000000
907,1.30E+11,WEVERTON LEANDRO SANTOS ANDRADE,4060,13912476
908,1.30E+11,LUIS CARLOS DE OLIVEIRA,4015,710000000
909,1.30E+11,RAQUEL CRISTINA FARIA,4099,69438872
910,1.30E+11,GUILHERME NASSER SILVERIO,4090,56500000
911,1.30E+11,ANTONIO GERALDO CAMPOS DE JESUS,4022,30000000
912,1.30E+11,FERNANDO REZENDE MONTEIRO,4000,11200000000
913,1.30E+11,WELLINGTON FERREIRA DOS SANTOS,4033,800000
914,1.30E+11,JORGE BATISTA BENTO DA PAZ,4040,3200000
915,1.30E+11,ELEONORA MAIRA MOREIRA JUSTINIANO VARGAS,4010,69252816
916,1.30E+11,EMERSON SERRAVITE,4020,770000000
917,1.30E+11,GLEDSON BRUM ORTIGA,4031,23400000000
918,1.30E+11,VILSON LUIZ DA SILVA,4057,99500000
919,1.30E+11,RICARDO FERNANDES MOREIRA,4002,36200000
920,1.30E+11,CARLOS ROBERTO CARRARO,4069,160000000
921,1.30E+11,ROMILSON LIBERATO DA SILVA,4011,650000
922,1.30E+11,REGINA SILVA MOREIRA DE FARIA,4041,90000000
923,1.30E+11,IRACEMA DOS SANTOS FERREIRA LAGES,4067,660000000
924,1.30E+11,ALTAMIR DE SOUZA PEREIRA,4046,1030000
925,1.30E+11,CARLOS DOMINGOS MOTA COELHO,4055,252500000
926,1.30E+11,CLAUDIO MARZO PARREIRAS SILVA,4023,3200000
927,1.30E+11,CUSTÓDIO TEIXEIRA DAMASCENO,4080,82550000
928,1.30E+11,JOÃO LEITE DA SILVA NETO,45777,130365812
929,1.30E+11,LEONÍDIO HENRIQUE CORREA BOUÇAS,45999,858885200
930,1.30E+11,RENATO COELHO DE MOURA JÚNIOR,45045,25375000
931,1.30E+11,RICARDO VIANA GOMES,23456,30000000
932,1.30E+11,CARLOS EDUARDO GRAMISCELLI DE TOLENTINO,23393,17276376
933,1.30E+11,NEUSA BENEDITO,23023,130000000
934,1.30E+11,JOÃO VITOR XAVIER FAUSTINO,23200,228441201
935,1.30E+11,DÉBORA RABELLO LOVISI SALES DE OLIVEIRA,45555,25992902
936,1.30E+11,CARLOS HENRIQUE SILVA FILHO,45600,320000000
937,1.30E+11,EDSON FILETO DA FONSECA JUNIOR,45645,500000
938,1.30E+11,VITOR HUGO MOREIRA GUIMARÃES,45789,30365024
939,1.30E+11,FABIANO FERNANDES COUTO,23000,149066800
940,1.30E+11,RICARDO CÉSAR DE ASSUNÇÃO SILVEIRA,45557,630000000
941,1.30E+11,ADALTO FERREIRA PIRES,45111,26233534
942,1.30E+11,JOSAFÁ ANDERSON DE OLIVEIRA,23123,3843429
943,1.30E+11,DANIEL FIORAVANTE BARBOSA,45355,55105156
944,1.30E+11,MELQUIZEDEQUE RODRIGUES MEIRA,23190,1680000
945,1.30E+11,MARCIA CARVALHO RESENDE,23333,74109783
946,1.30E+11,DALMO ROBERTO RIBEIRO SILVA,45222,443249234
947,1.30E+11,EDER DETREZ SILVA,45100,332944000
948,1.30E+11,JOÃO BOSCO,23100,214500000
949,1.30E+11,MÁRCIO MOREIRA VICTOR,45240,138203653
950,1.30E+11,GLÓRIA DE FÁTIMA LOPES PENA,45000,3200000
951,1.30E+11,RAUL JOSE DE BELEM,23700,15700000000
952,1.30E+11,GEDEON MATA DA CRUZ,23500,2122267005
953,1.30E+11,LINDOMAR ELDER DE SOUSA,23134,15400000
954,1.30E+11,DENISIO CRISTIANO DA SILVA,45190,16322400
955,1.30E+11,JOSÉ ALVES DE AMORIM,45123,17713537
956,1.30E+11,ADÉLIA MARIA CUSTÓDIA DA FONSECA,45300,3509700
957,1.30E+11,FLÁVIO TOGNI DE LIMA E SILVA,45678,33177003
958,1.30E+11,JOSEMAR SILVIO TEODORO,45400,9339400
959,1.30E+11,DANIEL GIOTTI DE PAULA,4555,105013529
960,1.30E+11,DIMAS TADEU RIBEIRO,4506,310000000
961,1.30E+11,JULIANA ELLEN DE SALES,2300,2017118
962,1.30E+11,AÉCIO NEVES DA CUNHA,4500,194393343
963,1.30E+11,MARIA PIEDADE FERREIRA DA SILVA,4526,2600000
964,1.30E+11,LEANDRO CASSIANO NEVES,4599,2947372
965,1.30E+11,MIRIAM DE MELO THEOBALDO,4502,1600000
966,1.30E+11,ALEX CAVALCANTE GONÇALVES,4522,8500000
967,1.30E+11,ANDERSON MARTINS DOS SANTOS,2320,606600
968,1.30E+11,RAPHAEL RIOS DE OLIVEIRA,2323,12200000
969,1.30E+11,VALMIR EMERENCIANO BRAZ,2356,7070000
970,1.30E+11,MAURICIO RANGEL DE SOUZA,4577,42700000
971,1.30E+11,EDUARDO LUIZ BARROS BARBOSA,4535,73469851
972,1.30E+11,JÚLIO CÉSAR DE SOUZA,4518,1656781
973,1.30E+11,JOSE DE FREITAS CORDEIRO,4567,132725442
974,1.30E+11,FERNANDO ANACLETO BARBOSA,4592,1482000
975,1.30E+11,FELIPE DUPIM DA SILVA,4553,21200000
976,1.30E+11,PAULO ABI-ACKEL,4545,473633249
977,1.30E+11,DIVINO ANTÔNIO DE OLIVEIRA,4520,1800000
978,1.30E+11,VINICIO JOSE SCARANO PEDROSO,2350,43327457
979,1.30E+11,LAIZA PÂMELA DO CARMO RIBEIRO,4513,1400000
980,1.30E+11,MARIA DE FÁTIMA DA SILVA,4525,150000000
981,1.30E+11,ROBSON VAZ DE LIMA,4515,11181581
982,1.30E+11,ELIECI FERNANDES DE SOUZA,4524,22800000000
983,1.30E+11,DANIEL ANUNCIAÇÃO DOS SANTOS,4570,10555094
984,1.30E+11,WAGNER RAIMUNDO GONÇALVES,4588,20000000
985,1.30E+11,EDUARDO DA SILVA SANTOS,2312,190000000
986,1.30E+11,ORLEI PEREIRA DA SILVA,2370,2000000
987,1.30E+11,ERLEI GONCALVES AMARAL,2390,54300000
988,1.30E+11,RONEY DE MELO SILVA,2332,2757400
989,1.30E+11,IOLANDA BARBOSA DO NASCIMENTO,2345,300000
990,1.30E+11,BRUNO OLIVEIRA ALENCAR,2333,18435103
991,1.30E+11,CONCEICAO APARECIDA DUARTE ARRUDA SEBASTIAO,2310,7964398
992,1.30E+11,MARIA APARECIDA CONSENTINO AGOSTINI,4544,367600000
993,1.30E+11,ELISA CLAUDIA LOPES,4560,17091871
994,1.30E+11,WAGNER WELLYNGTHON DE BUENO BRANDÃO,4566,135378495
995,1.30E+11,TUANI GUIMARAES DE AVILA AUGUSTO,21,3333252
996,1.30E+11,EDELZUITA FERREIRA DA CRUZ,21210,54242457
997,1.30E+11,AMAURY ALONSO BARBOSA,2113,40500000
998,1.30E+11,DANIEL CRISTIANO SOUZA,2121,2342442
999,1.30E+11,FLAVIANO DUELI DE SOUZA,2199,18300000
1000,1.30E+11,JOSE AUGUSTO BERNARDES,2111,39103330
1001,1.30E+11,JULIA MARIA SIMÃO DA ROCHA,2100,340000000
1002,1.30E+11,LÍVIA OLIVEIRA VASCONCELOS,2135,3829678
1003,1.30E+11,THOMÁS AGUIAR CARRIERI,2188,90768482
1004,1.30E+11,LORENE FIGUEIREDO DE OLIVEIRA,50,12346000
1005,1.30E+11,ANA PAULA DE AZEVEDO DE SOUZA NETO,50,957356
1006,1.30E+11,ARTUR DUARTE SOUZA,500,12205978
1007,1.30E+11,MANOEL CIPRIANO DE OLIVEIRA,500,74800000
1008,1.30E+11,SARA RAYANNE SILVA AZEVEDO,500,4560900
1009,1.30E+11,JUNIMARA NOGUEIRA SILVEIRA,5053,740000
1010,1.30E+11,RAFAEL REZENDE DE OLIVEIRA,5078,97900000
1011,1.30E+11,MÉRCIO MOTA ANTUNES,5011,440756900
1012,1.30E+11,MAURO SANTOS COSTA,5066,8000000
1013,1.30E+11,JULIANA NORMAND AZEVEDO,1877,20605900
1014,1.30E+11,JÚLIO CÉSAR DE ALMEIDA BARROS,1876,104638392
1015,1.30E+11,RICARDO MUNIZ BARRETO,1820,223604800
1016,1.30E+11,GENEROSA COSTA DE OLIVEIRA,1813,10000000
1017,1.30E+11,CELESTE AIDA CARVALHO MENEZES,1846,740000000
1018,1.30E+11,PAULO VITOR RIBEIRO,5004,2324795
1019,1.30E+11,GERALDO FELIPE DA SILVA,5077,60200000
1020,1.30E+11,VALDIR TIAGO DIAS,5099,14050000
1021,1.30E+11,SERGIO APARECIDO CRUZ CARVALHO,5020,3500000
1022,1.30E+11,CÉLIA MARIA DA COSTA,5050,250000000
1023,1.30E+11,CÉLIA NUNES CORREA,5088,4215375
1024,1.30E+11,DARIO RICARDO BRAGA DE MOURA,5042,7200000
1025,1.30E+11,JORDÃO VIEIRA SILVA,5044,36945902
1026,1.30E+11,JOSIAS DE AGUIAR RIBEIRO,5012,7000000
1027,1.30E+11,RODRIGO MAIA DE OLIVEIRA,1801,52907004
1028,1.30E+11,LUIZ CARLOS FREITAS PEREIRA,5021,31808196
1029,1.30E+11,CARLOS EDUARDO BRAGA MENEZES,1858,26695319
1030,1.30E+11,DANIEL OLIVEIRA MELO,1840,97550000
1031,1.30E+11,MAISA APARECIDA FERNANDES,5010,220000000
1032,1.30E+11,LUCAS AZEVEDO PAULINO,1818,62850000
1033,1.30E+11,IZABELLA LOURENÇA AMORIM ROMUALDO,5000,1739785
1034,1.30E+11,PAULO EDUARDO ALCÂNTARA ALVES,1888,11618345
1035,1.30E+11,ROBERTO LELES MIRANDA DOS SANTOS,1805,7700000
1036,1.30E+11,TANIA LUCIA DOS SANTOS,1808,6027300
1037,1.30E+11,PAULO ROBERTO LAMAC JÚNIOR,1844,38369115
1038,1.30E+11,VÂNIA GRISOLIA DE OLIVEIRA,1811,0
1039,1.30E+11,LUIZ ANTÔNIO DA SILVA,5051,3000000
1040,1.30E+11,DELSON JOSE DE OLIVEIRA,5055,380000000
1041,1.30E+11,TÚLIO BARBOSA CÁRIA,1870,7800000
1042,1.30E+11,JOSÉ FERNANDO MOREIRA PEIXOTO,1899,32856920
1043,1.30E+11,ANTONIO ROBERTO DE SOUZA,1810,71500000
1044,1.30E+11,LUCAS CARVALHO DE ARRUDA,1835,6110833
1045,1.30E+11,WALTER PINHEIRO DA SILVA,1890,40000000
1046,1.30E+11,CARLA CAROLINA DE MORAES MESQUITA COELHO,1812,360000000
1047,1.30E+11,PAULO CÉSAR CORREA,1817,70000000
1048,1.30E+11,KÁTIA APARECIDA FRANCO,1800,50000000
1049,1.30E+11,RENATA POLIANA MARQUES,1880,198000
1050,1.30E+11,JORGETÂNIA DA SILVA FERREIRA,50130,42500000
1051,1.30E+11,LUIZ CARLOS SILVA DA CUNHA,50180,45207214
1052,1.30E+11,JEFFERSON BERNARDES JAMARINO DE LIMA FRATTARI,18300,40000000
1053,1.30E+11,MARIA DA CONSOLAÇÃO ROCHA,50888,51129952
1054,1.30E+11,RITA UIARA MARCOWICZ DA SILVA,18110,2864695
1055,1.30E+11,ANA PAULA SIQUEIRA,18444,30010059
1056,1.30E+11,CARLOS ROBERTO DE CARVALHO,18000,461200000
1057,1.30E+11,JOSÉ LUIZ DE SANTANA,18222,20600000
1058,1.30E+11,ROBERTO BRITTO DE OLIVEIRA,18333,233722947
1059,1.30E+11,MARCOS ANTÔNIO GARCIA VIEIRA,18192,288960
1060,1.30E+11,APARECIDO REIS MIGUEL DE OLIVEIRA,18456,1100000000
1061,1.30E+11,IDELCIO FERREIRA DOS SANTOS,18500,46300000
1062,1.30E+11,JANETE RODRIGUES TEIXEIRA DE CARVALHO,18881,1986743
1063,1.30E+11,JOSÉ ALOISIO DIAS,18100,77721634
1064,1.30E+11,RICARDO GUERRA FURTADO,18777,17004195
1065,1.30E+11,VANDERLEIA REIS DE ASSIS,50050,81500000
1066,1.30E+11,XABIER GALARZA IBARRONDO,50125,46265818
1067,1.30E+11,ALAN JOHN RODRIGUES,50777,1427100
1068,1.30E+11,JOÃO PAULO ALVES SOARES,50456,2100000
1069,1.30E+11,JOSE ADAILTON SOUZA AGUIAR,18369,17200000
1070,1.30E+11,MIGUEL DE FREITAS ASSIS ROCHA,18001,600100000
1071,1.30E+11,LERIS FELISBERTO BRAGA,18007,88810598
1072,1.30E+11,CLAUDIO RODRIGUES DE JESUS,18252,29519300
1073,1.30E+11,CARLOS AUGUSTO DOS PASSOS MARTINS,50123,21413333
1074,1.30E+11,TIAGO PINHEIRO,18188,780000000
1075,1.30E+11,AILTON FERREIRA DA SILVA,18999,134190000
1076,1.30E+11,DANILO SANTOS XAVIER GUIMARÃES,18555,21563132
1077,1.30E+11,WELBERT PEREIRA DE FARIA,18123,10406100
1078,1.30E+11,SONIA SANTOS DE SÁ FARIA,18003,340000000
1079,1.30E+11,JOSÉ VESPASIANO CASSEMIRO,18640,21305156
1080,1.30E+11,POLLYANA DO AMARAL FERREIRA,50010,13923400
1081,1.30E+11,MÁRCIA CECÍLIA DO NASCIMENTO SILVA,18194,340000000
1082,1.30E+11,SÉRGIO PEREIRA DINIZ BOTINHA,18700,10395320
1083,1.30E+11,MANOEL FERREIRA DA SILVA,18115,68900000
1084,1.30E+11,ISABEL TEIXEIRA DE CARVALHO LIMA,18004,70000000
1085,1.30E+11,MILTON SILVESTRE DA SILVA,50555,36962535
1086,1.30E+11,RILDO RODRIGUES DO CARMO,18120,20300000
1087,1.30E+11,CLAUDIO MARQUES FONSECA DE AZEVEDO,50150,24200000
1088,1.30E+11,ADAUTO PEREIRA DA SILVA,18181,410000000
1089,1.30E+11,MARIA HELENA ALVES PEREIRA,50100,7247171
1090,1.30E+11,TALLIA SOBRAL NUNES,50000,3986100
1091,1.30E+11,ÂNGELO MÁRCIO RESENDE,50013,24200000
1092,1.30E+11,MAGNO NEWTON LUIZ FRANCO,18580,3500000
1093,1.30E+11,THOMÁS VIEIRA DE SOUZA,50222,14977300
1094,1.30E+11,ISABELLA GONÇALVES MIRANDA,50500,7807250
1095,1.30E+11,MARIA APARECIDA VILHENA FALABELLA ROCHA,50018,37797790
1096,1.30E+11,WAGNER LUIZ GONZAGA,1145,380000000
1097,1.30E+11,ELIZETE MARTINS FERREIRA,1103,4500000
1098,1.30E+11,FRANCO CARTAFINA GOMES,1133,90825872
1099,1.30E+11,ANA PAULA PROCOPIO JUNQUEIRA,1199,6263229
1100,1.30E+11,ENEIAS JOSE DOS REIS,1180,50000000
1101,1.30E+11,FERNANDO BORJA PINTO,1177,258179592
1102,1.30E+11,MARCELUS RIBEIRO DA ROCHA,1188,182212200
1103,1.30E+11,ALEXANDRE AUGUSTO DE PAULA,1120,82100000
1104,1.30E+11,MARCOS MARTINS NAVES,1115,5000000
1105,1.30E+11,MAXWELL TEIXEIRA DOS SANTOS,1167,96900000
1106,1.30E+11,ROBSON GONCALVES,1169,3400000
1107,1.30E+11,WANDEIR REIS DO PRADO,1189,75200000
1108,1.30E+11,CHARLLES THOMACELLI EVANGELISTA,1132,740000000
1109,1.30E+11,MAURO RIBEIRO LOPES,1144,1190666917
1110,1.30E+11,MARIEL MARLEY MARRA,1170,50000000
1111,1.30E+11,RAFAEL AUGUSTO SALERNO,1109,15800000
1112,1.30E+11,SILVIA DA SILVA SANTANA,1175,10000000
1113,1.30E+11,DIMAS FABIANO TOLEDO JUNIOR,1111,74777788
1114,1.30E+11,WESLEY CARDOSO PIRES,1101,3600000
1115,1.30E+11,AELTON JOSE DE FREITAS,1123,8391227
1116,1.30E+11,ANTONIO PINHEIRO NETO,1122,59422151
1117,1.30E+11,KATIA CRISTINA MOURA LOPES DE OLIVEIRA,1121,20000000
1118,1.30E+11,LUIS AUGUSTO MENDES MACHADO DE SOUZA,1190,48800000
1119,1.30E+11,MARCELO CACIANO DA SILVA,1113,5900000
1120,1.30E+11,SAMARA ANDRADE RIBEIRO,1137,350000000
1121,1.30E+11,VIVIANE ROSA SIZENANDO DE ALMEIDA,1104,1100000
1122,1.30E+11,DEISE LUCIDE GOMES MOREIRA,1191,720000000
1123,1.30E+11,EVERSON DAMIAO SANTOS DE OLIVEIRA,1187,2850000
1124,1.30E+11,FREDERICO OZANAN DE PAULA,1150,310000000
1125,1.30E+11,HYGOR JOSE FEITAL BURATO,1166,7700000
1126,1.30E+11,OILSO ADIVAN DA FONSECA,1147,19400000
1127,1.30E+11,RUBENS SOARES DA ROCHA,1134,4000000
1128,1.30E+11,MARIA APARECIDA SIQUEIRA,1135,141500000
1129,1.30E+11,MARIA AUGUSTA DOS SANTOS MELO,1127,4950000
1130,1.30E+11,TADEU DA SILVA,1118,50000000
1131,1.30E+11,MARLI GAVA DA SILVA,1102,11200000
1132,1.30E+11,SUZI GONÇALVES VIANA,1136,2000000
1133,1.30E+11,VAGNER BARBOSA DE OLIVEIRA,1138,49800000
1134,1.30E+11,WILSON MARTINS DE ASSIS,1131,62400000
1135,1.30E+11,ALBERT DENIS REIS DA SILVA,1140,7994625
1136,1.30E+11,LEONARDO FIRMINO DOS SANTOS,1110,9758212
1137,1.30E+11,MARCIO REINALDO DIAS MOREIRA,1155,141295551
1138,1.30E+11,JULIANO DOMINGOS DE OLIVEIRA,11233,10000000
1139,1.30E+11,DENISE MARTINS DOS SANTOS,11221,450000000
1140,1.30E+11,WESLEY DE JESUS SILVA,11999,13156518
1141,1.30E+11,CASSIA BARBOSA SOARES,11055,30870253
1142,1.30E+11,HELDER AVELINO YANKOUS SANTOS,11011,10800000000
1143,1.30E+11,JULIO CASSIO DA SILVA,11115,39700000
1144,1.30E+11,JULIO CESAR ROSSIGNOLI BARROS,11610,102700000
1145,1.30E+11,LUCIO FLAVIO BOTELHO TRAJANO,11012,35300000
1146,1.30E+11,MARCELO GONÇALVES DE QUEIROZ,11000,955220969
1147,1.30E+11,ADALBERTO RIBEIRO LOPES,11456,73899386
1148,1.30E+11,FABIO LUIZ NOGUEIRA CABALLERO,11900,33450000
1149,1.30E+11,MARILENE PEREIRA SILVA,11322,16340000
1150,1.30E+11,MARIO KNICHALLA NETO,11357,890000000
1151,1.30E+11,AVELINO RIBEIRO DA CRUZ,11070,12145560
1152,1.30E+11,MAYCON JOAN DE SOUZA,11112,15085000
1153,1.30E+11,AMANDA LEMOS DA SILVA,11121,23300000
1154,1.30E+11,ANA PAULA COUTO GOMES,11700,14271107
1155,1.30E+11,CARLOS ALBERTO LIMA,11911,12700000000
1156,1.30E+11,JOSE CHEREM,11155,325375116
1157,1.30E+11,LETICIA SABRINA FONSECA FERREIRA DA SILVA,11113,700000
1158,1.30E+11,NIVALDO RIBEIRO,11775,64729576
1159,1.30E+11,OSCAR LISANDRO TEIXEIRA,11230,350232002
1160,1.30E+11,DIEGO ALVES,11020,64200000
1161,1.30E+11,FLAVIA FERREIRA BORJA PINTO,11177,50297900
1162,1.30E+11,SHILMA NUNES GUALBERTO,11038,120000000
1163,1.30E+11,JAMIR CALILI RIBEIRO,11033,113500000
1164,1.30E+11,REGINA MARIA CIOFFI BATAGINI,11100,137188091
1165,1.30E+11,JULIAO DA CONCEICAO RIBEIRO,11625,35400000
1166,1.30E+11,NUBIA BOTELHO PEREIRA,11101,41608682
1167,1.30E+11,ANDERSON LUIZ COSTA,11311,150781893
1168,1.30E+11,SAME ALCANTARA DE OLIVEIRA,11110,20000000
1169,1.30E+11,REINALDO LUCIO DA SILVA,11323,2200000
1170,1.30E+11,ROCHELLE GUTIERREZ BAZAGA,11333,15499999
1171,1.30E+11,JOANES EUSTAQUIO DA SILVA,11197,22775230
1172,1.30E+11,VIVALDINO NERES RIBEIRO,11655,120000000
1173,1.30E+11,GISELE MACHADO FOSCHETTI DIAS,11169,230000000
1174,1.30E+11,VITORIO FILHO RIBEIRO,11025,2600000
1175,1.30E+11,WELLINGTON DE OLIVEIRA DIAS,11400,5000000
1176,1.30E+11,ADRIANO DE ALMEIDA ALVARENGA,11123,35926791
1177,1.30E+11,ANTONIO DIVINO DE SOUZA,11444,291034000
1178,1.30E+11,GILSON SANTIAGO ARANHA JUNIOR,11199,116166297
1179,1.30E+11,MARCEL TOLENTINO DE REZENDE,11679,21059800
1180,1.30E+11,JOSE GUILHERME FERREIRA FILHO,11111,23191152
1181,1.30E+11,MARLON SIQUEIRA RODRIGUES MARTINS,11211,109566532
1182,1.30E+11,CHIARA TEIXEIRA BIONDINI,11077,4000000
1183,1.30E+11,CLEBER DA PENHA BENFICA,11022,10247654
1184,1.30E+11,GUILHERME REGINALDO,11800,2270000
1185,1.30E+11,MARIA VALERIA DA SILVA,11436,130000000
1186,1.30E+11,RODRIGO MORAES SOARES MAIA,11001,7000000
1187,1.30E+11,ZILDA MARIA DA SILVA,11665,260113900
1188,1.30E+11,ALLEN SOUZA RANGEL,11376,3500000
1189,1.30E+11,WESLEY MOREIRA DE PINHO,11777,14707700
1190,1.30E+11,HELENO MARCIO DE MELO BOY,11500,72496997
1191,1.30E+11,DELVITO ALVES DA SILVA FILHO,11676,25329681
1192,1.30E+11,GIOVANNI CORREA DA SILVA,11222,199500000
1193,1.30E+11,ALOISIO DE REZENDE,11611,287822284
1194,1.30E+11,DAVIDSON SALUSTIANO DA SILVA,11600,44900000
1195,1.30E+11,DELMA PERPETUA MARTINS PINHEIRO GALVAO,11739,250000000
1196,1.30E+11,NERGITON GERALDO CANDESOUSA,11300,38214062
1197,1.30E+11,RUBEM RODRIGUES DE OLIVEIRA JUNIOR,11511,4100000
1198,1.30E+11,WILSON MELO JUNIOR,11555,3100000
1199,1.30E+11,GUSTAVO NASCIMENTO,11770,76896300
1200,1.30E+11,LUCAS MATOS FANTONI,11711,13900000
1201,1.30E+11,JACQUELINE APARECIDA RODRIGUES DA SILVA,22456,40780000
1202,1.30E+11,ROBSON MEROLA DE CAMPOS,22050,82500000
1203,1.30E+11,ANDREA DO ROSARIO HORTA SOUSA,22707,130000000
1204,1.30E+11,CAROLINE FIGUEIREDO COSTA,22120,350000
1205,1.30E+11,CLÁUDIA ARAÚJO ROMUALDO,22580,109822581
1206,1.30E+11,IURI RAFAEL TEIXEIRA FRANCO,22004,5600000
1207,1.30E+11,EDNA MARCIA SILVA LOPES,22028,9976760
1208,1.30E+11,ABNER FARIA OLIVEIRA,22402,20031
1209,1.30E+11,ANTONIO CARLOS ARANTES,22123,174849342
1210,1.30E+11,CRISTIANO CAPOREZZO ARAUJO PIRES FERREIRA,22038,49882798
1211,1.30E+11,GRACIELLE TORRES MOREIRA,22200,1200000000
1212,1.30E+11,GREICIANO JOSE DA SILVA,22353,2500000
1213,1.30E+11,HUDSON LUIZ FERREIRA,22550,490000000
1214,1.30E+11,JULIANA TORRES GALLINDO MOURA,22900,19293100
1215,1.30E+11,MARCELO DE ARAÚJO BATALHA,22022,127300000
1216,1.30E+11,MARCION FERREIRA DA SILVA,22100,7200000
1217,1.30E+11,OTHON CARVALHAIS SIQUEIRA JUNIOR,22922,230000000
1218,1.30E+11,SHEILA APARECIDA PEDROSA DE MELLO OLIVEIRA,22032,280000000
1219,1.30E+11,TIAGO BAPTISTA GOMES,22323,418761489
1220,1.30E+11,ALESSANDRA DINIZ PORTELA SILVEIRA,22333,47030096
1221,1.30E+11,BERNARDO BARTOLOMEO MOREIRA,22111,994925464
1222,1.30E+11,BRUNO DE CASTRO ENGLER FLORENCIO DE ALMEIDA,22222,24474034
1223,1.30E+11,CARLOS HENRIQUE COELHO DE CAMPOS,22500,207341868
1224,1.30E+11,CARLOS HENRIQUE POLICARPO DA SILVA,22033,32600000
1225,1.30E+11,DILERMANDO OLIVEIRA MELO,22205,300000
1226,1.30E+11,FRANCELINO ABIACRE MONTEIRO,22051,15180000
1227,1.30E+11,GILSON PEREIRA DA SILVA,22211,990000
1228,1.30E+11,GUSTAVO DE VASCONCELLOS MOREIRA,22800,33164139
1229,1.30E+11,ISABEL APARECIDA RIBEIRO,22300,10300000000
1230,1.30E+11,JALYSON MAYCON GONÇALVES,22190,38250000
1231,1.30E+11,JOSÉ GERALDO DE SOUZA,22144,360000
1232,1.30E+11,LAUDICEIA SULAMITA RAMOS,22677,3500000
1233,1.30E+11,LUIZ AUGUSTO COSTA PENNA,22301,46579063
1234,1.30E+11,POLIANE CRISTINA DE ALMEIDA,22555,30750000
1235,1.30E+11,REGIANE LUCAS MOREIRA,22762,125800000
1236,1.30E+11,SANDRO LÚCIO FONSECA,22011,53044081
1237,1.30E+11,SEBASTIÃO CALIXTO FILHO,22789,1746818235
1238,1.30E+11,SIBELE RODRIGUES CIPRIANO,22055,250000000
1239,1.30E+11,WASHINGTON FERNANDO RODRIGUES,22122,15500000000
1240,1.30E+11,JOSE LUIZ MOREIRA ANTUNES,22999,750000000
1241,1.30E+11,FAGNER MATEUS GONÇALVES,22350,280000000
1242,1.30E+11,MARIA MADALENA SOUSA DO NASCIMENTO,22150,150181506
1243,1.30E+11,MARICELMA DE ASSIS VON RANDOW,22522,2254000
1244,1.30E+11,MAURICIO FONSECA ROCHA,22021,370000000
1245,1.30E+11,MAURO LUCIO COELHO COLEN,22888,67030500
1246,1.30E+11,MOACYR FERREIRA COELHO JÚNIOR,22203,5000000
1247,1.30E+11,FRANCISCO FRAZÃO FILHO,22450,1000000
1248,1.30E+11,SIDNEI JOSÉ DE ARAÚJO,22020,730000000
1249,1.30E+11,REBECKA NIZIA ESTANISLAU DE FREITAS,22003,250000000
1250,1.30E+11,MAURO SERGIO MENDES CONDE,1056,65703775
1251,1.30E+11,PATRICIA CARDOSO CLEMENTE,1029,26569167
1252,1.30E+11,ANTONIO AFONSO PEREIRA,1069,54045600
1253,1.30E+11,DANIEL MEDEIROS ROCHA,1088,35226000
1254,1.30E+11,ANTONIO GERALDO DE JESUS,1035,4123549
1255,1.30E+11,ELIEL MARCIO DO CARMO,1022,141229516
1256,1.30E+11,ALESSANDRA SILVA RIBEIRO,1000,101100000
1257,1.30E+11,MARIO LUCIO ALVES DE ARAUJO,1070,110361780
1258,1.30E+11,RICARDO RODRIGUES DE SOUZA,1004,17900000
1259,1.30E+11,BRAZ FERNANDO DA SILVA,1051,16300000000
1260,1.30E+11,ZEIZA MATILDES DA SILVA,1040,15100000
1261,1.30E+11,AUREO CARLOS DA SILVA,1087,70100000
1262,1.30E+11,FERNANDO JOSE CASTRO CABRAL,1013,230714801
1263,1.30E+11,ALINE RISI DOS SANTOS,1099,11487700
1264,1.30E+11,KATIA SORAYA SILVA CABRAL,1007,44002335
1265,1.30E+11,ANA LUCIA TEIXEIRA DE JESUS,1065,220000000
1266,1.30E+11,ANDERSON SALVADOR TRINDADE DA SILVA,1078,61751559
1267,1.30E+11,CELIO RUELA DA SILVA,1090,21479571
1268,1.30E+11,MARCOS EDUARDO DE ANDRADE,1019,16874233
1269,1.30E+11,HERCULES ANTONIO DE MEDEIROS,1021,3000000
1270,1.30E+11,SERGIO SANTOS SETTE CAMARA,1077,712148665
1271,1.30E+11,JOSE ROBERTO REIS FILGUEIRAS,1026,170000000
1272,1.30E+11,WILLIAM SOARES ROSA,1045,16500000
1273,1.30E+11,VINICIUS DE SOUZA COSTA,1095,33171279
1274,1.30E+11,ALEXANDRE RAIMUNDO BARROS LIMA,1044,504083508
1275,1.30E+11,ANTONIO MARCOS LIMA MACIEL,1025,52952759
1276,1.30E+11,DENIS BRASILEIRO PASSOS,1050,57828800
1277,1.30E+11,FLAVIA CRISTINA DE LISBOA ANANIAS,1008,26500000
1278,1.30E+11,HERCULANO ANGHINETTI,1011,1600236647
1279,1.30E+11,LUIZ AUGUSTO NEVES CARVALHO,1017,50545072
1280,1.30E+11,PAULO SERGIO PENA FELIX,1055,760000000
1281,1.30E+11,PAULO ROBERTO MILAZZO,1023,59392013
1282,1.30E+11,LUKAS JESUS VIANNA SILVA SOUZA,1096,20000000
1283,1.30E+11,GILBERTO APARECIDO ABRAMO,1010,15911000
1284,1.30E+11,LAFAYETTE LUIZ DOORGAL DE ANDRADA,1080,46163480
1285,1.30E+11,ALCIONE MAGELA MAROCOLO,1012,13894549
1286,1.30E+11,ALESSANDRO MARQUES,2700,223212400
1287,1.30E+11,MARIA APARECIDA GONÇALVES,2778,10000000
1288,1.30E+11,ANDRÉ QUINTÃO SILVA,55,95916403
1289,1.30E+11,ALEXANDRE KALIL,55,365282088
1290,1.30E+11,MARCUS VINÍCIUS CAETANO PESTANA DA SILVA,45,148640404
1291,1.30E+11,PAULO EDUARDO ROCHA BRANT,45,109800457
1292,1.30E+11,CARLOS HENRIQUE ALVES DA SILVA,10123,184156331
1293,1.30E+11,JOSE LUIZ DAS GRAÇAS,10580,59551625
1294,1.30E+11,MARCELLO FORTES GUERRA,10001,140000
1295,1.30E+11,MARCO ANTONIO REIS CARVALHO,10610,7928211
1296,1.30E+11,ANTONIO JULIO DE FARIA,10296,210883332
1297,1.30E+11,CARLOS AARÃO SOUTO,10890,6000000
1298,1.30E+11,CARLOS ROBERIO RODRIGUES NEVES,10107,10262000
1299,1.30E+11,CHARLES DOS SANTOS,10100,12400000
1300,1.30E+11,CLAUDIO EDUARDO LOPES,10433,30300000
1301,1.30E+11,DENILSON APARECIDO MARTINS,10500,65200000
1302,1.30E+11,DIRCEU LEONARDO RIBEIRO DOS SANTOS BRANDAO,10300,310000000
1303,1.30E+11,CLEMIR JOSE DA SILVA,10067,175600000
1304,1.30E+11,ROBERTO RIBEIRO DOS SANTOS,10900,24300000
1305,1.30E+11,JULBERT FERRE DE MORAIS,10456,26580000
1306,1.30E+11,RENATA DE ARAGÃO LOPES,10110,52714559
1307,1.30E+11,CARLOS ALBERTO RODRIGUES,10007,45460000
1308,1.30E+11,PAULO RAMOS DOS SANTOS,10567,27900000
1309,1.30E+11,PAULO LUIZ LEOCADIO,10222,256800000
1310,1.30E+11,WALKIRIA LUIZ FERNANDES APPS,10101,70328500
1311,1.30E+11,LAYON DIAS DA SILVA,10262,99865746
1312,1.30E+11,MARCELO SILVEIRA LIMA,10031,5700000
1313,1.30E+11,REGINA APARECIDA ROCHA,10002,180000000
1314,1.30E+11,LUIS RENATO TIVERON,10600,380000000
1315,1.30E+11,RODRIGO PACHECO DE MOURA,10888,180000000
1316,1.30E+11,BRENDA CRISTINA DE SOUZA,10232,14905058
1317,1.30E+11,MAURO HENRIQUE TRAMONTE,10800,48718670
1318,1.30E+11,RICARDO COSTA DOS SANTOS OLIVEIRA,10193,46800000
1319,1.30E+11,DALTON LOREDO DE PAULA,10321,130000000
1320,1.30E+11,ISAIAS DE FREITAS BORGES,10966,21300000
1321,1.30E+11,LUIZ HENRIQUE DELFRARO,10050,396552645
1322,1.30E+11,LUCIA DE CÁSSIA MARTINS DE ALCANTARA,10122,128400000
1323,1.30E+11,ISAIAS DIAS MEDINA,10140,500000
1324,1.30E+11,MAURICIO RIBEIRO LEMOS FILHO,10038,2855600
1325,1.30E+11,NARCISO JOSE GONÇALVES,10137,10150000
1326,1.30E+11,JOSE VANIO OLIVEIRA SENA,10670,37381937
1327,1.30E+11,ARIADNA BORGES MUNIZ,10000,108333959
1328,1.30E+11,CARLOS EDUARDO DA SILVA,10035,82900000
1329,1.30E+11,MARTA ALVES LANÇA,10710,2300000
1330,1.30E+11,REGINALDO MENEGUINI COSTA,1975,29500000
1331,1.30E+11,CERGIO CARLOS DA SILVA MELLO,1950,120000000
1332,1.30E+11,HIERANIA BATISTA AVELINO PEITO,1913,514475400
1333,1.30E+11,ALESSANDRO GERALDO DIAS,1915,550000000
1334,1.30E+11,IGOR TARCIANO TIMO,1999,315459297
1335,1.30E+11,JOSE EVALDO DE OLIVEIRA,1932,1200000000
1336,1.30E+11,MARIA APARECIDA SILVERIO DOS SANTOS,1981,3100000
1337,1.30E+11,SERGIO DE PINHO AMARAL,1994,633700000
1338,1.30E+11,BRUNO FRANCISCO ANGELI PERAZOLLI,1927,2600000
1339,1.30E+11,EDVALDO DE SOUZA GOMIDES,1995,98522920
1340,1.30E+11,IOLANE VIEIRA ALBINO,1988,210000000
1341,1.30E+11,SORAYA BATISTA,1933,220000000
1342,1.30E+11,VINICIUS BRAGA SARAIVA DE RESENDE,1922,33700000000
1343,1.30E+11,CRISTIANE BATISTA SILVA POCAS,1903,165800000
1344,1.30E+11,EDMARCIO MOURA LEAL,1920,54600000
1345,1.30E+11,EURO DE ANDRADE LANZA,1944,41782518
1346,1.30E+11,VAGNER CANDIDO DE JESUS,1905,3000000
1347,1.30E+11,LUCIMAR CAROLINO DOS SANTOS,1971,250000000
1348,1.30E+11,DIRLEY JOAQUIM HENRIQUES,1963,21756718
1349,1.30E+11,HERMES FREITAS DA COSTA,1970,6458300
1350,1.30E+11,TATIANE GOMES DE CARVALHO,1925,120000000
1351,1.30E+11,ALCIDES RIBEIRO DA SILVA JUNIOR,1991,200500000
1352,1.30E+11,LILLIAN DIAS VAZ ALCANTARA,1980,19200000
1353,1.30E+11,NELI PEREIRA DE AQUINO,1919,43969238
1354,1.30E+11,CARLOS ALBERTO PEREIRA,1911,133155600
1355,1.30E+11,JOSE VALADARES BAHIA,1900,1364914960
1356,1.30E+11,KLEBER NAZARETH,1949,3800000
1357,1.30E+11,ROBSON LIMA DA SILVA,1909,28500000
1358,1.30E+11,SERGIO AUGUSTO SANTOS RODRIGUES,1921,764235848
1359,1.30E+11,EDIMILSON PEREIRA LIMA,1978,54500000000
1360,1.30E+11,MARIA CRISTINA DE CARVALHO OLIVEIRA,1931,590000000
1361,1.30E+11,ELIZETE LOÍDE GONCALVES TAVARES,1977,3240000
1362,1.30E+11,JOSE EUSTAQUIO DE FARIA JUNIOR,1990,136482887
1363,1.30E+11,JADER SAINT CLAIR DE ALMEIDA FILHO,1969,1000000
1364,1.30E+11,JULIANA DOS SANTOS PEREIRA,1967,49600000
1365,1.30E+11,LEONARDO JOSE DE MATTOS,1955,20500000000
1366,1.30E+11,JULIARINA APARECIDA DA CRUZ PEREIRA,1910,1200000
1367,1.30E+11,LUIZA AUGUSTA CASTRO SATHELER FURTADO,1912,8531800
1368,1.30E+11,MARCELO EDUARDO MORETHSON DE OLIVEIRA,1993,2100000
1369,1.30E+11,MARCOS VENANCIO DE ALBUQUERQUE,1961,552142976
1370,1.30E+11,ULISSES ANTONIO FERREIRA DO CARMO,1992,500000
1371,1.30E+11,SAMUEL PANTALEAO DE MOURA,19111,8000000
1372,1.30E+11,IGOR LUIZ SANDIM GONZAGA,19999,10707436
1373,1.30E+11,EDILSON FORTES CESARIO,19567,380000000
1374,1.30E+11,FELIPE ANTONIO SCARPELLI,19789,220000000
1375,1.30E+11,WILLIAN GERALDO DE ALCANTARA,19192,10500000
1376,1.30E+11,GIRLENE LAGES RODRIGUES ROCHA,19345,282330000
1377,1.30E+11,JOSE CARLOS PIOTTO DE VASCONCELLOS JUNIOR,19369,570000000
1378,1.30E+11,JOSE REIS NOGUEIRA DE BARROS,19456,69500000
1379,1.30E+11,LUCIANO DE ALMEIDA COSTA,19202,45606000
1380,1.30E+11,ARTUR ALBERTO CALABRO RODRIGUES,19061,430000000
1381,1.30E+11,MARCELO PIRES RODRIGUES,19900,27400000
1382,1.30E+11,MARCO ANTONIO MARCELINO DOS REIS,19991,34667000
1383,1.30E+11,MARCOS PEIXOTO CAMISASSA,19100,2900000
1384,1.30E+11,ADEMAR ALVES VIEIRA JUNIOR,19152,60000000
1385,1.30E+11,THAIS ANDRADE DOS SANTOS,19557,4000000
1386,1.30E+11,ARIEL AVELINO DE ALMEIDA,19070,20000000
1387,1.30E+11,HELIO DE FREITAS ANDRADE,19580,38016700
1388,1.30E+11,LUCAS ALUISIO ANDRADE CAMPOS,19012,5400000
1389,1.30E+11,VINICIUS DE CARVALHO SILVA,19189,5000000
1390,1.30E+11,WESLEY CARDOSO SILVA,19555,28600000
1391,1.30E+11,JARI TRINDADE MENDONÇA,19678,30000000
1392,1.30E+11,LAURIANE RODRIGUES ALVES,19193,10200000
1393,1.30E+11,MARCO ANTONIO BADARO BIANCHINI,19333,8441472
1394,1.30E+11,ENIO DORNELES SILVA,19920,2500000
1395,1.30E+11,ABRAAO GARCIA PIMENTA,19020,11800000000
1396,1.30E+11,CLAUDIO JOSE DA SILVA,19009,23983308
1397,1.30E+11,SILVIO DIVINO VILARINHO,19019,200740000
1398,1.30E+11,LUDIMILA FONSECA AZEVEDO FALCAO,19123,44509465
1399,1.30E+11,LUIS MARCIO AMARAL,19700,30750000
1400,1.30E+11,LUIZ ALDO DA SILVA SANTOS,19170,3000000
1401,1.30E+11,RUBEN DE SOUSA,19537,86570000
1402,1.30E+11,RUBIA MARA FERREIRA CARNEIRO,19255,800000
1403,1.30E+11,HERCULANO JOSE PEREIRA FILHO,19505,27902500
1404,1.30E+11,MANOEL DONISETE RIBEIRO GONCALVES,19007,73561546
1405,1.30E+11,IVANETE DIAS DE JESUS,19321,28300000
1406,1.30E+11,SIDNEY DIAS DOS REIS,19990,1200000
1407,1.30E+11,WILLIAM DOUGLAS DA SILVA,19657,42100000
1408,1.30E+11,ALEXANDRE JOSE MEGALE,19777,12293000
1409,1.30E+11,ANA PAULA GOMES DA SILVA,19357,7000000
1410,1.30E+11,LUIS HUMBERTO ZANUTO JUNIOR,19000,17832931
1411,1.30E+11,RONALDO DE SOUZA GONÇALVES,19767,10500000
1412,1.30E+11,ELIES GOMES COSTA,19151,680000000
1413,1.30E+11,LUCAS JARDIM PRATES,19400,28050500
1414,1.30E+11,MARILIA GONÇALVES ANDRADE DE OLIVEIRA,19234,30000000
1415,1.30E+11,MARIO TADEU SANTOS,19748,270000000
1416,1.30E+11,RAQUEL HELENA SANTOS,19001,1000000
1417,1.30E+11,ROBERTO ANTONIO ROQUE,19190,21200000
1418,1.30E+11,HENRIQUE BARBOSA DE OLIVEIRA,19078,4500000
1419,1.30E+11,HINDEMBURG KFURI NETO,19666,2500000000
1420,1.30E+11,REGINALDO DE MORAIS,19500,22650000
1421,1.30E+11,MARCELO ALVES DA SILVA,19198,1100000
1422,1.30E+11,WANDERLEY FAGUNDES DE OLIVEIRA,19300,26780000
1423,1.30E+11,CARLOS ALBERTO BEJANI JUNIOR,19120,3500000
1424,1.30E+11,MARCELO GUILHERME DE ARO FERREIRA,111,483444910
1425,1.30E+11,CAMILA SOARES DE OLIVEIRA,111,26360444
1426,1.30E+11,GIL ANTÔNIO DINIZ,111,39181176
1427,1.30E+11,ALDIERIO FLORENCIO PEREIRA,16316,7990000
1428,1.30E+11,DIANA DE CASSIA SILVA,16161,38900000
1429,1.30E+11,GUSTAVO OLIMPIO SIQUEIRA ROCHA,16123,124418
1430,1.30E+11,HUENDER FRANCO DIAS,16234,15400000
1431,1.30E+11,RAIR ANICIO JUNIOR,16016,45700000
1432,1.30E+11,LÍVIA DANIELA TRINDADE MENEZES,1619,150000000
1433,1.30E+11,FLÁVIA VALLE VERNASCHI,1655,2894990
1434,1.30E+11,WANDERSON PAIVA ROCHA,1616,37200000
1435,1.30E+11,RAFAEL RIBEIRO DE AVILA,1611,7500000
1436,1.30E+11,JORDANO CARVALHO DOS SANTOS,16,13900000
1437,1.30E+11,VANESSA PORTUGAL BARBOSA,16,10000000
1438,1.30E+11,ADRIANO ESPÍNDOLA CAVALHEIRO,161,78528169
1439,1.30E+11,MARIA DIRLENE TRINDADE MARQUES,161,28009882
1440,1.30E+11,VICTÓRIA DE FÁTIMA DE MELLO,161,17522962
1441,1.30E+11,BRUNO MARTUCHELE DE SALES,123,450000000
1442,1.30E+11,HENRIQUE HIGÍDIO BRAGA,123,163210451
1443,1.30E+11,ANA LÚCIA RODRIGUES DA SILVA GONÇALVES,14800,20000000
1444,1.30E+11,ANDERSON GUIMARÃES SILVA,14440,5400000
1445,1.30E+11,ANDRÉ LUIZ DE OLIVEIRA FERREIRA,14733,5000000
1446,1.30E+11,AROLDO SILVA DE JESUS,14110,50000000
1447,1.30E+11,WELINGTON CORREA DOS SANTOS,14040,2725200
1448,1.30E+11,TIAGO HENRIQUE DE FREITAS,14100,800000
1449,1.30E+11,WALTER NERY HILEL CARDOSO,14555,53682325
1450,1.30E+11,ALESSANDRA ROSA FERREIRA PINTO,14404,50000000
1451,1.30E+11,ARNALDO DE ASSIS PRATA,14422,15700000000
1452,1.30E+11,ELIAS CHARLES EVANGELISTA,14444,5000000
1453,1.30E+11,FRADIQUE GURITA DA SILVA,14145,46200000
1454,1.30E+11,GILBERTO DA SILVA DORNELES,14000,128916613
1455,1.30E+11,ITAMAR JULIO VALÉRIO,14943,190000000
1456,1.30E+11,MANOEL FERREIRA DA ROSA NETO,14012,31500000
1457,1.30E+11,SYLLAS VALADÃO FERREIRA,14003,6120000
1458,1.30E+11,TALITA LOYOLLA RODRIGUES,14999,34559300
1459,1.30E+11,ERICK FILIPE DE CARVALHO,14380,17450000
1460,1.30E+11,DAVI CORREIA NUNES,14286,24500000
1461,1.30E+11,MARCUS VINÍCIUS BARBOSA,14123,850000
1462,1.30E+11,CIRO DANIEL DE SOUZA PEREIRA DA SILVA,14222,19600000
1463,1.30E+11,JOSÉ CLAUDIO RODRIGUES,14022,22300000
1464,1.30E+11,MARCELO DE MIRANDA,14456,46071505
1465,1.30E+11,BELCHIOR LUIS DE BRITO,14900,440000000
1466,1.30E+11,CLAUDIO DE SOUZA,14666,6300000
1467,1.30E+11,ÉRICO EDUARDO PEREIRA,14400,30199500
1468,1.30E+11,DOMINGOS FRANCISCO DE CASTRO,14014,36007488
1469,1.30E+11,JAQUELINE AVELAR ROSA,14310,250000000
1470,1.30E+11,JOÃO DE SOUZA MOREIRA,14777,2500000000
1471,1.30E+11,JOEL MILÃO FILHO,14888,3500000
1472,1.30E+11,LEONARDO LUCIO MORAIS,14190,6700000
1473,1.30E+11,LUCIENE CALDEIRA SANTOS,14714,953333
1474,1.30E+11,MARCELLO JORGE MAFUZ JUNIOR,14333,70000000
1475,1.30E+11,SAUL ANTÔNIO DE FARIA,14700,2600000
1476,1.30E+11,PAULO JOSÉ MAIA,14722,24200000
1477,1.30E+11,RAFAEL MORENO DE ALMEIDA,14004,250000000
1478,1.30E+11,HIGO OLIVEIRA NUNES,14111,42500000
1479,1.30E+11,ERICA SIMONE ALMEIDA AMORIM MACHADO,14114,46150000
1480,1.30E+11,ALEXANDRE FRANCISCO DA MATA,14192,3189600
1481,1.30E+11,ALTAMIRO ALVES DE SOUZA,14141,40000000
1482,1.30E+11,ELIAS NUNES MOREIRA,3650,40000000
1483,1.30E+11,ELIZABETH CRISTINA GOMES,3632,87900000
1484,1.30E+11,LEANDRO BARRETO DIAS,3637,76300000
1485,1.30E+11,JONATAN DOS SANTOS CARVALHO,3612,250000000
1486,1.30E+11,ILTON SARAIVA DA SILVA FILHO,3666,500000
1487,1.30E+11,BRASIL DA SILVA TORRES,3699,70000000
1488,1.30E+11,MARLY DE LOURDES MENDES OLIVEIRA,3627,130000000
1489,1.30E+11,OSAIR JOSE FERNANDES SANTIAGO,3636,160000000
1490,1.30E+11,VALDEIR GERALDO BATISTA,3600,30500000
1491,1.30E+11,SAULO DE TARSO SILVA,3653,180000000
1492,1.30E+11,MARIO JUSTINO DA SILVA,9066,12380428
1493,1.30E+11,PEDRO PAULO DE SOUZA,9093,127856600
1494,1.30E+11,CARLOS ALBERTO DIAS VIANA,22,356673962
1495,1.30E+11,JACKELINE PANTOJA ARAUJO,9021,1324041
1496,1.30E+11,BRENDA GABRIELLE DE CARVALHO,80000,779
1497,1.30E+11,MARIANA FERNANDES COSTA,80180,1554
1498,1.30E+11,THOMÁS DE LIMA TOLEDO,80123,479580
1499,1.30E+11,POLIANA DE SOUZA PEREIRA INÁCIO,8080,2518000
1500,1.30E+11,JOANA D ARC CARVALHO GUIMARÃES,1391,49563109
1501,1.30E+11,ANNA KARINA MACHADO MOREIRA,4590,9558937
1502,1.30E+11,GLAUCIA DE SOUZA ALMEIDA,90985,170000000
1503,1.30E+11,PETRONIO BARBOSA DA SILVA,280,110000000
1504,1.30E+11,IRANI DA SILVA GOMES,280,16694493
1505,1.30E+11,ANDRÉ LUIZ NASCIMENTO VILELA,1599,1550000
1506,1.30E+11,ARCANJO CARLOS PIMENTA,1502,24500000
1507,1.30E+11,ULISSES SUAID PORTO GUIMARAES BORGES,1516,40666356
1508,1.30E+11,MONIQUE CRISTINA DRUMOND LINS,1519,2000000
1509,1.30E+11,TANIA REGINA SILVA BITENCOURT,1509,3000000
1510,1.30E+11,LUIZ ARTUR PINTO MOURA,1554,1900000000
1511,1.30E+11,SAMUEL DIAS DE MOURA,1540,1637074
1512,1.30E+11,LUCAS ANTÔNIO DE MORAIS,1523,35350000
1513,1.30E+11,FABIO AUGUSTO RAMALHO DOS SANTOS,1513,260076285
1514,1.30E+11,HERCILIO ARAUJO DINIZ FILHO,1515,6590304568
1515,1.30E+11,NEWTON CARDOSO JÚNIOR,1510,202990721
1516,1.30E+11,FRANCISCO CARLOS DE SÁ FREITAS,1555,3856300
1517,1.30E+11,NEIDSON DIAS FREITAS,1500,57014821
1518,1.30E+11,CARLOS MARIO PEREIRA,1569,66525405
1519,1.30E+11,CARLOS PAVANELLI BATISTA,1517,134990479
1520,1.30E+11,MARIA APARECIDA MARTINS,1545,260000000
1521,1.30E+11,PLACIDINO STABILE DE OLIVEIRA,1551,20069144
1522,1.30E+11,TUBERTINO MARTINS DE MEIRA,1507,20246333
1523,1.30E+11,HÉLIO CARLOS DE OLIVEIRA,1556,68104064
1524,1.30E+11,IDELMO ATAÍDE ALVES,1503,24887600
1525,1.30E+11,FLAVIO ELIAS DA SILVA,35608,350000000
1526,1.30E+11,GUSTAVO ADOLFO ARANTES,35123,70900000
1527,1.30E+11,ANGELA MARIA MAGALHAES DA CUNHA,35211,210000000
1528,1.30E+11,MIGUEL TIAGO SOARES MARTINS,35056,1223000
1529,1.30E+11,WELINGTON DE SOUZA,35777,35500000
1530,1.30E+11,CLEITON GONTIJO DE AZEVEDO,200,54457076
1531,1.30E+11,ADHEMAR MARCOS FILHO,200,78241380
1532,1.30E+11,ALEX SANDRO COELHO DINIZ,200,6619705930
1533,1.30E+11,FLÁVIO DUTRA DE SOUZA TEIXEIRA,2075,40500000
1534,1.30E+11,TARCÍSIO PEREIRA DA COSTA,2008,3500000
1535,1.30E+11,EUCLYDES MARCOS PETTERSEN NETO,2015,527802808
1536,1.30E+11,ANGELA APARECIDA LEITE,2088,22400000
1537,1.30E+11,ROGERIO CAMPOS MACHADO,2018,10000000
1538,1.30E+11,VITOR DA SILVA SEVERIANO,2004,11700000
1539,1.30E+11,ADEMIR SANTOS DE CARVALHO,2034,31300000
1540,1.30E+11,FABIANO GALLETTI TOLENTINO,2020,16312747
1541,1.30E+11,DUARTE EUSTÁQUIO GONÇALVES JUNIOR,2000,750000000
1542,1.30E+11,ESTEVÃO PAULINO DOS SANTOS,2030,510000000
1543,1.30E+11,MARCUS VINICIUS DOS SANTOS BARBOSA,2011,200000
1544,1.30E+11,MÁRCIO CHALEGRE COIMBRA,2044,50813401
1545,1.30E+11,ANTONIO EPAMINONDAS DE ARAÚJO,2035,31500000
1546,1.30E+11,ALEXANDRE AUGUSTO SOUZA CARMO,2017,280000000
1547,1.30E+11,KATIA REGINA OLIVEIRA DIAS,2012,57678368
1548,1.30E+11,WALDONIR SOARES DE SOUZA,2007,35817010
1549,1.30E+11,EDWARD DA SILVA RAMOS,2010,49500000
1550,1.30E+11,OSWALDO BENTO PEREIRA SANCHES,2040,232700000
1551,1.30E+11,RICARDO MIGUEL ANDRADE,2095,12711819
1552,1.30E+11,WILSON PESSOA DE CARVALHO,2099,6930000
1553,1.30E+11,MAGNUS CARLO DE OLIVEIRA COSTA,2070,87400000
1554,1.30E+11,ILACIR BICALHO DE BARROS,2022,114387500
1555,1.30E+11,ALEXANDRE CÂNDIDO RODRIGUES,2002,20900000
1556,1.30E+11,CLEBER DORCELINO DE SOUZA,2080,16700000
1557,1.30E+11,CLAUDIA RIBEIRO DE SOUZA,2037,1000000
1558,1.30E+11,ALEXSANDRO LUACES SENNA,20903,26740600
1559,1.30E+11,CÉLIO DA ASSUNÇÃO FROIS,20000,75696912
1560,1.30E+11,CÉSAR ANTÔNIO PEREIRA,20444,200000
1561,1.30E+11,LUCINEI CAMILO ALVES,20400,14300000
1562,1.30E+11,LUCIANO DE OLIVEIRA E SILVA,20150,57358300
1563,1.30E+11,MARIA ALEXANDRA DO COUTO PEREIRA SANCHES,20369,802915
1564,1.30E+11,ADRIANO JUNIO TEIXEIRA SABINO,20116,2383900
1565,1.30E+11,CLAUDIO BARBOSA,20513,10400000
1566,1.30E+11,CLAUDIOMIR JOSÉ MARTINS VIEIRA,20800,195211669
1567,1.30E+11,PAULO RICARDO SILVA SANTOS,20889,800000
1568,1.30E+11,GILSON DUQUE DA SILVA,20190,3800000000
1569,1.30E+11,JORGE LUIZ FORTUNATO ALI,20100,606421794
1570,1.30E+11,ROMEU OLAVO DOS SANTOS,20290,20000000
1571,1.30E+11,NORALDINO LUCIO DIAS JUNIOR,20123,2400000000
1572,1.30E+11,JAKSON MARÇAL SILVA,20377,200000
1573,1.30E+11,LEANDRO PINHEIRO SOARES LOURENÇO,20321,20800000
1574,1.30E+11,MARCELO HEITOR DA SILVA,20777,112855476
1575,1.30E+11,OMAR SILVA DA COSTA,20700,19240000
1576,1.30E+11,CLARA LUCIA DE ANDRADE,20456,250000000
1577,1.30E+11,MARIA DE FATIMA SILVA,20567,35800000
1578,1.30E+11,MARLI FERREIRA DA SILVA,20120,36480000
1579,1.30E+11,BRUNO LUÍS GARCIA DE CARVALHO,20111,46267251
1580,1.30E+11,EDUARDO HENRIQUE DE AZEVEDO,20200,50700000
1581,1.30E+11,GERALDO MAGELA DA SILVA MOREIRA,20011,600000
1582,1.30E+11,ISAURO JOSÉ DE CALAIS FILHO,20580,145111300
1583,1.30E+11,SÉRGIO RICARDO DA COSTA,20380,250000000
1584,1.30E+11,SILVANE GIVISIEZ,20193,185382908
1585,1.30E+11,VALDECIR GUADALUPE CASSIMIRO,20012,74160000
1586,1.30E+11,VINICIUS DE RESENDE,20333,149449479
1587,1.30E+11,ROBERTO GARCIA SORGI,20222,1350220964
1588,1.30E+11,JOSLANE FURBINO TEIXEIRA,20104,5315221
1589,1.30E+11,KLAIVER JUNKER JARDIM,2832,4600000
1590,1.30E+11,ISMAR JOSE DE QUEIROZ,2804,20000000
1591,1.30E+11,ORLANI CARLOS DA SILVA,28030,1600000
1592,1.30E+11,LUCAS LASMAR DE MOURA COSTA RESENDE,18900,34101896
1593,1.30E+11,VALDA GOMES DA SILVA,55630,1800000
1594,1.30E+11,ALESSANDRO OTÁVIO DE SOUZA RIBEIRO NEVES,15151,3350000
1595,1.30E+11,ARLENE DE FÁTIMA SILVA DE ABREU,15600,500000
1596,1.30E+11,LEIDIANE ALVES FREIRE,15337,7250734
1597,1.30E+11,SAMUEL PEREIRA,15022,37284853
1598,1.30E+11,JOÃO BATISTA MACHADO RIBEIRO,15510,50551070
1599,1.30E+11,LUIZ TADEU MARTINS LEITE,15300,88763884
1600,1.30E+11,JOSÉ MILTON DOS SANTOS,15630,26500000
1601,1.30E+11,JOSÉ HUMBERTO FULGENCIO,15111,571350000
1602,1.30E+11,SÍLVIO ROGÉRIO CARVALHO DE ASSIS,15333,83695728
1603,1.30E+11,ANTÔNIO CARLOS SILVA NUNES,15200,351100000
1604,1.30E+11,ALEXSANDRO FERREIRA SOUZA,15123,20000000
1605,1.30E+11,SÂNDALO CESAR CORDEIRO,15444,9293822
1606,1.30E+11,GIUSEPPE LISBOA LAPORTE,15555,40779678
1607,1.30E+11,JURACY LÚCIA,15999,740787
1608,1.30E+11,NELCI BARREIROS DA SILVA,15160,91330636
1609,1.30E+11,ANDREA MARQUES RAMIRO,15234,10500000
1610,1.30E+11,CÁSSIA AUGUSTA DOS SANTOS,15155,210000000
1611,1.30E+11,REINALDO GOMES DE SOUZA,15000,74700000
1612,1.30E+11,RENATO AMADO TAVARES,15215,38407019
1613,1.30E+11,PAULA DA GRAÇA RODRIGUES BATALHA,15567,270000000
1614,1.30E+11,VALDIR GOMES DOS SANTOS,15222,21137497
1615,1.30E+11,SEBASTIÃO CARLOS EUFRÁSIO,15707,5000000
1616,1.30E+11,ALDO MATOS MELO JUNIOR,15017,2182170
1617,1.30E+11,RONALDO ANTONIO ZICA DA COSTA,15159,40784550
1618,1.30E+11,JOÃO LÚCIO MAGALHÃES BIFANO,15133,14828030
1619,1.30E+11,LEILANE ANGELICA MENDES BARCELOS,15212,4000000
1620,1.30E+11,JOSÉ AUGUSTO ATHAYDE MONTANDON,15007,75861887
1621,1.30E+11,CARLOS ANTONIO CAMPOS,15666,16500000
1622,1.30E+11,GASPARINA ROSA DA APARECIDA,15457,7500000
1623,1.30E+11,JULIANA JABER QUEIROZ,15100,18135800
1624,1.30E+11,DENIS ALVES DE LIMA,15556,410000000
1625,1.30E+11,ARMINDA LUZIA DARCK DOS REIS,15001,27745000
1626,1.30E+11,ISAIAS MARTINS DE OLIVEIRA,15678,14291000
1627,1.30E+11,INDIRA IVANISE XAVIER,80,13607
1628,1.30E+11,EDNA GONÇALVES DE SOUZA,80,400000
1629,1.30E+11,ROMEU ZEMA NETO,30,12979531370
1630,1.30E+11,MATEUS SIMÕES DE ALMEIDA,30,298525912
1631,1.30E+11,DALILA DE ALMEIDA GOMES COURA,290,6100000
1632,1.30E+11,ALESSANDRA BARBOSA DOS SANTOS,2900,1800000
1633,1.30E+11,PAULO TRISTAO PINTO,35,350000000
1634,1.30E+11,ALEXANDRE SILVEIRA DE OLIVEIRA,555,859506107
1635,1.30E+11,MARIA APARECIDA DE LIMA,555,8855399
1636,1.30E+11,VIRGÍLIO GUIMARÃES DE PAULA,555,17955594
1637,1.30E+11,IVO RODRIGUES DA PAZ,3590,840000000
1638,1.30E+11,WAGNER VALERI SUHADOLNIK JUNIOR,3500,3500000
1639,1.30E+11,JESUS FERREIRA DE MELO,33114,1200000000
1640,1.30E+11,ANTONIA DA SILVA DE JESUS,20050,8550000
1641,1.30E+11,ZÉLIA TIAGO DE SOUZA,90115,8800000
1642,1.30E+11,VICENTE SABINO JUNIOR,19200,13700000
1643,1.30E+11,JOANA D ARC BRAGA RIBEIRO,20678,37300000
1644,1.30E+11,CAMILLA ALVES DE SOUSA,90723,50000
1645,1.30E+11,DULCE JOANE SOUSA MONTE,4410,1500000
1646,1.30E+11,KENIO CASSIO TEIXEIRA PEREIRA,5188,100536800
1647,1.30E+11,MAURO GERALDO DE SENA,51151,330000000
1648,1.30E+11,WANDER DE SOUSA,200,184003500
1649,1.30E+11,TANIA MENDES DE AQUINO,20010,1650000
1650,1.30E+11,EDNA SOARES RODRIGUES,70575,1800000
1651,1.30E+11,CHARLES JOHN SOUZA,5175,277020
1652,1.30E+11,VALESCA CÁSSIA DA SILVA PAULA,2806,1100000
1653,1.30E+11,LEA DELBA MAGALHÃES DAMASCENO,28010,160000000
1654,1.30E+11,MARIA DOS REIS SANTOS,2801,30000000
1655,1.30E+11,FRANCISCO ALVES NELVAM,1085,50000000
1656,1.30E+11,WANDERLEY WILSON AMARO,22,151700000
1657,1.30E+11,MARIA DE LOURDES DE OLIVEIRA ALVES,3001,46300000
1658,1.30E+11,FLÁVIA FIUZA BOTELHO,3052,76100000
1659,1.30E+11,JORGE LEAL NOGUEIRA,10560,460000000
1660,1.30E+11,SILVIA CRISTINA DE SOUZA,23245,4200000
1661,1.30E+11,ROGERIO DONATO,51512,210000000
1662,1.30E+11,FREDERICO PORTO ULHOA,44099,5500000
1663,1.30E+11,VERA LUCIA CANDIDA OLIVEIRA LEAL,5178,6881127
1664,1.30E+11,AURENI DAS GRAÇAS DE OLIVEIRA,23107,803300
1665,1.30E+11,CLEBERLENE DA SILVA PEREIRA,4017,50000000
1666,1.30E+11,WILSON VENANCIO SANTOS GUEDES,7087,1500000
1667,1.30E+11,CRISTIANA APARECIDA DOMINGUES DE ASSUNÇÃO,70708,1360000
1668,1.30E+11,ELIFELETE LOPES DOS SANTOS,5155,40300000
1669,1.30E+11,NILSON MARTINS MONTEIRO,4016,10000000
